{
  "insrate": 0.01,
  "delrate": 0.01,
  "insextprob": 0.66,
  "delextprob": 0.66,
  "alphabet": "arndcqeghilkmfpstwyv",
  "wildcard": "x",
  "rootprob": {
    "a": 0.087127,
    "r": 0.040904,
    "n": 0.040432,
    "d": 0.046872,
    "c": 0.033474,
    "q": 0.038255,
    "e": 0.04953,
    "g": 0.088612,
    "h": 0.033618,
    "i": 0.036886,
    "l": 0.085357,
    "k": 0.080482,
    "m": 0.014753,
    "f": 0.039772,
    "p": 0.05068,
    "s": 0.069577,
    "t": 0.058542,
    "w": 0.010494,
    "y": 0.029916,
    "v": 0.064718
  },
  "subrate": {
    "a": {
      "r": 0.010980908021397848,
      "n": 0.03939671495124398,
      "d": 0.055924671401760204,
      "c": 0.011981710512688946,
      "q": 0.033852201936162306,
      "e": 0.09750844444387165,
      "g": 0.21145233752572007,
      "h": 0.007687912270516979,
      "i": 0.023838758197172842,
      "l": 0.03479619126743078,
      "k": 0.020805627470854682,
      "m": 0.010561401397723609,
      "f": 0.007118010851865103,
      "p": 0.12597527782405663,
      "s": 0.2829421940972561,
      "t": 0.21594849163642205,
      "y": 0.007138771418565705,
      "v": 0.13384345306118373
    },
    "r": {
      "a": 0.023389731399871168,
      "n": 0.012864233453467423,
      "c": 0.007654981716440161,
      "q": 0.09356900759883065,
      "e": 0.0004924668911306649,
      "g": 0.007929462657214503,
      "h": 0.08022169325756846,
      "i": 0.023472008071062492,
      "l": 0.012730313878328337,
      "k": 0.37130042871063745,
      "m": 0.013201751747154513,
      "f": 0.0055362306625617455,
      "p": 0.05190181446351133,
      "s": 0.1065356916649815,
      "t": 0.015133856556730385,
      "w": 0.02097228868686785,
      "y": 0.0023795904728552346,
      "v": 0.015443475353213505
    },
    "n": {
      "a": 0.08489606211805091,
      "r": 0.013014409506841894,
      "d": 0.42176523015494155,
      "q": 0.03917726740926649,
      "e": 0.0728850998873384,
      "g": 0.12246614548364619,
      "h": 0.17882752455332973,
      "i": 0.028239759710497064,
      "l": 0.028855378124210893,
      "k": 0.2544688282973765,
      "m": 0.00014668613052393903,
      "f": 0.0055362306625617455,
      "p": 0.021163846674441513,
      "s": 0.3424361517802977,
      "t": 0.13329435198043302,
      "w": 0.0023998141283480628,
      "y": 0.028257636865155915,
      "v": 0.00965217209575844
    },
    "d": {
      "a": 0.10395436177720518,
      "n": 0.36381660235587554,
      "q": 0.05096848381399718,
      "e": 0.5678143254736566,
      "g": 0.11013142579464587,
      "h": 0.028746106750628705,
      "i": 0.008802003026648434,
      "k": 0.056815367324257016,
      "p": 0.006550714446850945,
      "s": 0.0657200695335925,
      "t": 0.03841671279785406,
      "v": 0.011582606514910129
    },
    "c": {
      "a": 0.031186308533161552,
      "r": 0.009354106833042612,
      "g": 0.009691565469928836,
      "h": 0.009359197546716321,
      "i": 0.016137005548855464,
      "p": 0.009574121114628303,
      "s": 0.11137822310429886,
      "t": 0.009313142496449468,
      "y": 0.02855508567426282,
      "v": 0.03153042884614424
    },
    "q": {
      "a": 0.0770994849847605,
      "r": 0.10004827308384706,
      "n": 0.04140675142834827,
      "d": 0.062449216398632226,
      "e": 0.35260629404955607,
      "g": 0.024669439378000674,
      "h": 0.2025597754753604,
      "i": 0.006601502269986325,
      "l": 0.06195419420786457,
      "k": 0.12243311550156795,
      "m": 0.016722218879729047,
      "p": 0.07709687002832266,
      "s": 0.03874025151453873,
      "t": 0.03084978451948886,
      "v": 0.02252173489010303
    },
    "e": {
      "a": 0.17152469693238856,
      "r": 0.0004067002970888092,
      "n": 0.059497079722286836,
      "d": 0.5373428843852459,
      "q": 0.2723390627673282,
      "g": 0.07136516391493052,
      "h": 0.014373053375314353,
      "i": 0.022371757692731437,
      "l": 0.009335563510774114,
      "k": 0.06641796461849764,
      "m": 0.004400583915718171,
      "p": 0.02569895667610755,
      "s": 0.05465142624372428,
      "t": 0.01979042780495512,
      "y": 0.006543873800351896,
      "v": 0.023808691169537485
    },
    "g": {
      "a": 0.20790872355441037,
      "r": 0.0036603026737992827,
      "n": 0.05587901406349912,
      "d": 0.05825486604350021,
      "c": 0.0036610782122105117,
      "q": 0.010650130946208368,
      "e": 0.03988981818158385,
      "h": 0.0033425705523986867,
      "l": 0.0059408131432198905,
      "k": 0.0216058439120414,
      "m": 0.0024936642189069633,
      "f": 0.0059316757098875844,
      "p": 0.017132637784071703,
      "s": 0.16187890811432254,
      "t": 0.017462142180842754,
      "v": 0.034747819544730385
    },
    "h": {
      "a": 0.019924586007297664,
      "r": 0.0976080713013142,
      "n": 0.21507390305015847,
      "d": 0.040079347837928145,
      "c": 0.009319108176535846,
      "q": 0.23049926262150966,
      "e": 0.02117607631861859,
      "g": 0.008810514063571669,
      "i": 0.0025672508827724603,
      "l": 0.037342254043096455,
      "k": 0.020805627470854682,
      "f": 0.01898136227164027,
      "p": 0.047366704461845294,
      "s": 0.024212657196586707,
      "t": 0.012805570932618018,
      "w": 0.002817173107191204,
      "y": 0.037775998756576855,
      "v": 0.02831303814755809
    },
    "i": {
      "a": 0.05630861262931947,
      "r": 0.02602881901368379,
      "n": 0.030954561747405983,
      "d": 0.01118493428035204,
      "c": 0.014644312848842047,
      "q": 0.006846512751133949,
      "e": 0.03004048035897056,
      "h": 0.0023397993866790803,
      "l": 0.21811271111535882,
      "k": 0.03680995629458906,
      "m": 0.04928653985604351,
      "f": 0.07750722927586444,
      "p": 0.006046813335554718,
      "s": 0.016602964934802313,
      "t": 0.11175770995739362,
      "y": 0.01100560593695546,
      "v": 0.5720520662086169
    },
    "l": {
      "a": 0.03551774027387844,
      "r": 0.0061005044563321375,
      "n": 0.013668248044309137,
      "q": 0.027766412824043237,
      "e": 0.005417135802437314,
      "g": 0.0061673598445001684,
      "h": 0.01470731043055422,
      "i": 0.09425478241036032,
      "k": 0.014403895941360934,
      "m": 0.07730359078611586,
      "f": 0.06208487243015672,
      "p": 0.01612483556147925,
      "s": 0.011760433495484971,
      "t": 0.01920835639892703,
      "w": 0.0047996282566961255,
      "y": 0.008328566654993323,
      "v": 0.11260867445051514
    },
    "k": {
      "a": 0.02252344505172779,
      "r": 0.18870893784920748,
      "n": 0.12783831994383252,
      "d": 0.033088763912708125,
      "q": 0.05819535838463857,
      "e": 0.04087475196384519,
      "g": 0.023788387971643506,
      "h": 0.008690683436236584,
      "i": 0.016870505801076168,
      "l": 0.015276376653994004,
      "m": 0.035644729717317185,
      "p": 0.016628736672775476,
      "s": 0.06641185973920925,
      "t": 0.07916171121982048,
      "y": 0.0038668345183897565,
      "v": 0.006434781397172294
    },
    "m": {
      "a": 0.062372617066323105,
      "r": 0.03660302673799282,
      "n": 0.00040200729542085695,
      "q": 0.04336124742384835,
      "e": 0.014774006733919947,
      "g": 0.014977873908071837,
      "i": 0.12322804237307808,
      "l": 0.4472583609252689,
      "k": 0.19445259520837263,
      "f": 0.036380944353977186,
      "p": 0.008566318892035851,
      "s": 0.042890992748239314,
      "t": 0.06053542622692154,
      "v": 0.16601736004704515
    },
    "f": {
      "a": 0.015593154266580776,
      "r": 0.005693804159243329,
      "n": 0.005628102135891997,
      "g": 0.013215771095357504,
      "h": 0.016044338651513695,
      "i": 0.07188302471762888,
      "l": 0.13324395192650326,
      "m": 0.01349512400820239,
      "p": 0.005542912224258491,
      "s": 0.0318223494583711,
      "t": 0.0075669282783651926,
      "w": 0.007929820598019686,
      "y": 0.20761926875661924,
      "v": 0.007721737676606753
    },
    "p": {
      "a": 0.21657158703584414,
      "r": 0.041890130600147346,