{
  "insrate": 0.01,
  "delrate": 0.01,
  "insextprob": 0.66,
  "delextprob": 0.66,
  "alphabet": "FfLlSs5$YyCcW<[{/Pp,8HhQqRr=}Ii|MTt~`NnKk%#3]Vv^7Aa4&DdEeGg96",
  "wildcard": "x",
  "rootprob": {
    "3": 0.010372,
    "4": 0.015908,
    "5": 0.00975,
    "6": 0.010191,
    "7": 0.022747,
    "8": 0.011843,
    "9": 0.015796,
    "F": 0.022103,
    "f": 0.021383,
    "L": 0.016387,
    "l": 0.015425,
    "S": 0.01188,
    "s": 0.011131,
    "$": 0.008956,
    "Y": 0.015965,
    "y": 0.015782,
    "C": 0.006025,
    "c": 0.007029,
    "W": 0.01188,
    "<": 0.014467,
    "[": 0.017386,
    "{": 0.0076,
    "/": 0.028839,
    "P": 0.010007,
    "p": 0.0101,
    ",": 0.010642,
    "H": 0.011097,
    "h": 0.011703,
    "Q": 0.016076,
    "q": 0.020211,
    "R": 0.008311,
    "r": 0.014148,
    "=": 0.0048,
    "}": 0.007837,
    "I": 0.025576,
    "i": 0.023441,
    "|": 0.013551,
    "M": 0.020102,
    "T": 0.013424,
    "t": 0.020201,
    "~": 0.015528,
    "`": 0.012142,
    "N": 0.023006,
    "n": 0.020171,
    "K": 0.030001,
    "k": 0.026344,
    "%": 0.010142,
    "#": 0.011679,
    "]": 0.008195,
    "V": 0.019047,
    "v": 0.018938,
    "^": 0.010901,
    "A": 0.019005,
    "a": 0.028307,
    "&": 0.018853,
    "D": 0.028198,
    "d": 0.024532,
    "E": 0.033223,
    "e": 0.031878,
    "G": 0.016852,
    "g": 0.022982
  },
  "subrate": {
    "3": {
      "9": 0.022626506061877646,
      "=": 0.4433898327317091,
      "|": 0.025790104176475648,
      "~": 0.011709047649542134,
      "K": 0.2527230451872347,
      "%": 0.018177075480304086,
      "#": 0.0014120009413426747,
      "]": 0.2974207904338993
    },
    "4": {
      "5": 0.09633439593000687,
      "9": 0.0471528576732699,
      ",": 0.031117126903677593,
      "~": 0.04757919504874965,
      "^": 0.06858028233780826,
      "A": 0.4164067283902792,
      "a": 0.1440956081763772,
      "&": 0.17965414742374294,
      "E": 0.09217602868208209
    },
    "5": {
      "4": 0.15717821235431273,
      "L": 0.048380201683593506,
      "S": 0.5275701824506298,
      "s": 0.1522926318278679,
      "$": 0.11635591809170735,
      ",": 0.03525518038301976,
      "~": 0.0936955491338126
    },
    "6": {
      "7": 0.006881038206355384,
      "9": 0.30145724580812466,
      "W": 0.009633036420190658,
      "}": 0.03764715709858268,
      "]": 0.04415918000998086,
      "&": 0.12527851142726262,
      "e": 0.044432184862765935,
      "G": 0.22323892139923737,
      "g": 0.41516872476866035
    },
    "7": {
      "6": 0.003082809177516495,
      "l": 0.03119112532043063,
      "/": 0.06243124652735204,
      "M": 0.04178117249378027,
      "V": 0.1695417095182271,
      "v": 0.4101556995289533,
      "^": 0.12970253903978293,
      "&": 0.11625885286118359,
      "e": 0.015177380973078953
    },
    "8": {
      "$": 0.011674048245603821,
      "/": 0.013774063826260459,
      "P": 0.0841303460074054,
      "p": 0.28843719424516734,
      ",": 0.12020449454545697,
      "q": 0.03626662863859643,
      "}": 0.024642019501572552,
      "`": 0.015037364707195716,
      "&": 0.11377593316176766
    },
    "9": {
      "3": 0.014857060070511201,
      "4": 0.04748719041949718,
      "6": 0.194489161308597,
      "=": 0.0004369998457948754,
      "^": 0.007657035678890759,
      "E": 0.029037104382368277,
      "G": 0.34577343116639897,
      "g": 0.09470840194317871
    },
    "F": {
      "f": 0.23932071720589307,
      "L": 0.02155905133194791,
      "l": 0.0837132307632019,
      "S": 0.019697783169309396,
      "Y": 0.10554365832658377,
      "C": 0.020168008666679914,
      "<": 0.030247105532815878,
      "I": 0.04301987354326,
      "V": 0.043081052476664
    },
    "f": {
      "F": 0.24737903065060352,
      "L": 0.00017855399648292766,
      "l": 0.07336625374699896,
      "s": 0.021300107258163448,
      "y": 0.0817186608214787,
      "c": 0.010954934520535923,
      "[": 0.039403435611465934,
      "i": 0.0184257623865983,
      "v": 0.0364254515735581
    },
    "L": {
      "5": 0.028785437628305162,
      "F": 0.029079130505281305,
      "f": 0.00023299079189567594,
      "l": 0.38175220660572057,
      "{": 0.5757240614728031,
      "|": 0.13709083948164694,
      "^": 0.02575619023510277
    },
    "l": {
      "7": 0.04599705203655336,
      "F": 0.11995549689199689,
      "f": 0.10170441516188516,
      "L": 0.40556067485562025,
      "$": 0.07278514908082451,
      "W": 0.06379181533522382,
      "/": 0.6020822862859572,
      "M": 0.15902996019659665
    },
    "S": {
      "5": 0.4329805790314512,
      "F": 0.036648156682764776,
      "s": 0.15460067189541044,
      "$": 0.15276752426476597,
      "Y": 0.035219897585106255,
      "C": 0.037303933025384754,
      "P": 0.01770605889241984,
      "T": 0.5131910152309289,
      "A": 0.10528942210461203
    },
    "s": {
      "5": 0.13339800200536447,
      "f": 0.04091817388386569,
      "S": 0.16500368180015057,
      "$": 0.5830129835510212,
      "y": 0.08862399679418428,
      "c": 0.06564573651065542,
      "p": 0.027316660491244617,
      "t": 0.31904863629533037,
      "a": 0.21728146067101822
    },
    "$": {
      "5": 0.1266715276232857,
      "8": 0.015437221234109651,
      "l": 0.12535852217192028,
      "S": 0.20264383522391916,
      "s": 0.7245999910569916,
      "W": 0.05538495790123679,
      "`": 0.20767704983234175,
      "&": 0.41218899064255476
    },
    "Y": {
      "F": 0.14612160851816355,
      "S": 0.026208104184845746,
      "y": 0.3147397473443017,
      "C": 0.0035070805435966066,
      "H": 0.0382290319561252,
      "N": 0.05165814747617021,
      "D": 0.010364331731161589
    },
    "y": {
      "f": 0.11072044888769984,
      "s": 0.06250625448714138,
      "Y": 0.31838930847495733,
      "c": 0.0010141371303175387,
      "h": 0.08294911324046725,
      "n": 0.004606301835932443,
      "d": 0.00722967985331263
    },
    "C": {
      "F": 0.0739873021675728,
      "S": 0.07355530694465906,
      "Y": 0.009293035830459722,
      "c": 0.3147465026713849,
      "W": 0.008044918831352853,
      "R": 0.013439736973074247,
      "%": 0.04786539104947418,
      "G": 0.01861698916040776
    },
    "c": {
      "f": 0.03332612958495086,
      "s": 0.10395542653295,
      "y": 0.002277011266278475,
      "C": 0.2697891134720577,
      "W": 0.0008704299067091185,
      "r": 0.02310306688340401,
      "#": 0.023914717746435842,
      "g": 0.012705710238065876
    },
    "W": {
      "6": 0.00826349109075446,
      "l": 0.08282733598870601,
      "$": 0.04175317196662262,
      "C": 0.0040800198618603485,
      "c": 0.0005150043614695619,
      "}": 0.023715601274636885,
      "]": 0.006761594116855785
    },
    "<": {
      "F": 0.04621219144202871,
      "[": 0.15483182396849063,
      "{": 0.43171246654298007,
      "/": 0.24318191934664102,
      "P": 0.012647315015063741,
      "H": 0.01756796069690514,
      "R": 0.006479009872304419,
      "I": 0.11000889733833868,
      "V": 0.04711542566537686
    },
    "[": {
      "f": 0.04846219163004579,
      "<": 0.1288365349909211,
      "{": 0.05936557176525874,
      "/": 0.6367281450541364,
      "p": 0.014036421330835802,
      "h": 0.03780974247876778,
      "r": 0.03184411590663448,
      "i": 0.14959777754531353,
      "v": 0.11201852048097947
    },
    "{": {
      "L": 1.2413671309677397,
      "<": 0.821787401773328,
      "[": 0.13580655667247216,
      "/": 0.1629448310144037,
      ",": 0.014831645933380138,
      "Q": 0.11926960769149679,
      "=": 0.01451500836648444,
      "|": 0.06957753884947153,
      "^": 0.04074265155651284
    },
    "/": {
      "7": 0.04924316254924501,
      "8": 0.005656445712209252,
      "l": 0.3220333321530181,
      "<": 0.12199149856749042,
      "[": 0.38386058912969295,
      "{": 0.04294118089078914,
      "q": 0.036633501267619696,
      "}": 0.011465179874836228,
      "M": 0.05166497263974013
    },
    "P": {
      "8": 0.09956587266570421,
      "S": 0.021020083905460948,