{
  "insrate": 0.01,
  "delrate": 0.01,
  "insextprob": 0.66,
  "delextprob": 0.66,
  "alphabet": "arndcqeghilkmfpstwyv",
  "rootprob": {
    "a": 0.076748,
    "r": 0.051691,
    "n": 0.042645,
    "d": 0.051544,
    "c": 0.019803,
    "q": 0.040752,
    "e": 0.06183,
    "g": 0.073152,
    "h": 0.022944,
    "i": 0.053761,
    "l": 0.091904,
    "k": 0.058676,
    "m": 0.023826,
    "f": 0.040126,
    "p": 0.050901,
    "s": 0.068765,
    "t": 0.058565,
    "w": 0.014261,
    "y": 0.032102,
    "v": 0.066005
  },
  "subrate": {
    "a": {
      "r": 2.998078,
      "n": 2.30283,
      "d": 4.175064,
      "c": 1.108968,
      "q": 2.3228639999999996,
      "e": 6.4921500000000005,
      "g": 13.094207999999998,
      "h": 0.6194879999999999,
      "i": 1.9353960000000001,
      "l": 2.75712,
      "k": 2.05366,
      "m": 1.286604,
      "f": 0.60189,
      "p": 9.874794,
      "s": 25.993170000000003,
      "t": 27.818375,
      "w": 0.128349,
      "y": 0.353122,
      "v": 19.66949
    },
    "r": {
      "a": 4.451384,
      "n": 1.9190250000000002,
      "d": 0.824704,
      "c": 2.237739,
      "q": 12.633119999999998,
      "e": 1.7930700000000002,
      "g": 10.021823999999999,
      "h": 7.525632,
      "i": 1.1827420000000002,
      "l": 3.492352,
      "k": 37.904696,
      "m": 1.048344,
      "f": 0.20063,
      "p": 3.766674,
      "s": 6.945265000000001,
      "t": 3.74816,
      "w": 1.796886,
      "y": 0.6420399999999999,
      "v": 1.122085
    },
    "n": {
      "a": 4.144392,
      "r": 2.326095,
      "d": 27.215232,
      "c": 0.6733020000000001,
      "q": 3.504672,
      "e": 3.5861400000000003,
      "g": 5.925312,
      "h": 8.971104,
      "i": 2.526767,
      "l": 1.102848,
      "k": 15.431788,
      "m": 0.71478,
      "f": 0.40126,
      "p": 0.763515,
      "s": 34.588795000000005,
      "t": 13.58708,
      "w": 0.114088,
      "y": 2.24714,
      "v": 1.05608
    },
    "d": {
      "a": 6.216588,
      "r": 0.827056,
      "n": 22.516560000000002,
      "c": 0.19803,
      "q": 1.9968479999999997,
      "e": 47.423610000000004,
      "g": 9.50976,
      "h": 2.569728,
      "i": 0.5913710000000001,
      "l": 0.643328,
      "k": 1.525576,
      "m": 0.35739,
      "f": 0.160504,
      "p": 0.763515,
      "s": 4.057135000000001,
      "t": 2.22547,
      "w": 0.057044,
      "y": 1.476692,
      "v": 2.0461549999999997
    },
    "c": {
      "a": 4.2978879999999995,
      "r": 5.841083,
      "n": 1.4499300000000002,
      "d": 0.51544,
      "q": 0.366768,
      "e": 0.30915000000000004,
      "g": 4.315968,
      "h": 1.5831359999999999,
      "i": 0.913937,
      "l": 2.113792,
      "k": 0.410732,
      "m": 0.738606,
      "f": 3.1298280000000003,
      "p": 0.7126140000000001,
      "s": 15.334595000000002,
      "t": 2.45973,
      "w": 1.640015,
      "y": 6.709318,
      "v": 4.0923099999999994
    },
    "q": {
      "a": 4.374636,
      "r": 16.02421,
      "n": 3.6674700000000002,
      "d": 2.525656,
      "c": 0.17822700000000002,
      "e": 19.97109,
      "g": 1.9019519999999999,
      "h": 13.697567999999999,
      "i": 0.48384900000000003,
      "l": 6.617088,
      "k": 17.133392,
      "m": 1.024518,
      "f": 0.160504,
      "p": 8.347764,
      "s": 3.6445450000000004,
      "t": 2.986815,
      "w": 0.256698,
      "y": 0.770448,
      "v": 1.3200999999999998
    },
    "e": {
      "a": 8.058539999999999,
      "r": 1.499039,
      "n": 2.4734100000000003,
      "d": 39.534248,
      "c": 0.099015,
      "q": 13.162895999999998,
      "g": 8.705088,
      "h": 0.596544,
      "i": 0.645132,
      "l": 0.827136,
      "k": 10.620356,
      "m": 0.428868,
      "f": 0.20063,
      "p": 0.916218,
      "s": 2.0629500000000003,
      "t": 1.87408,
      "w": 0.14261,
      "y": 0.224714,
      "v": 2.9702249999999997
    },
    "g": {
      "a": 13.737891999999999,
      "r": 7.081667,
      "n": 3.4542450000000002,
      "d": 6.70072,
      "c": 1.168377,
      "q": 1.0595519999999998,
      "e": 7.35777,
      "h": 0.527712,
      "i": 0.322566,
      "l": 0.551424,
      "k": 1.584252,
      "m": 0.33356399999999997,
      "f": 0.20063,
      "p": 1.221624,
      "s": 13.821765000000001,
      "t": 1.932645,
      "w": 0.7843549999999999,
      "y": 0.256816,
      "v": 3.102235
    },
    "h": {
      "a": 2.072196,
      "r": 16.954648,
      "n": 16.674195,
      "d": 5.772928,
      "c": 1.3664070000000001,
      "q": 24.328943999999996,
      "e": 1.60758,
      "g": 1.682496,
      "i": 0.860176,
      "l": 5.146624,
      "k": 2.6404199999999998,
      "m": 0.786258,
      "f": 1.60504,
      "p": 5.8536150000000005,
      "s": 5.019845,
      "t": 2.69399,
      "w": 0.114088,
      "y": 18.394446,
      "v": 0.7260549999999999
    },
    "i": {
      "a": 2.762928,
      "r": 1.137202,
      "n": 2.004315,
      "d": 0.566984,
      "c": 0.33665100000000003,
      "q": 0.366768,
      "e": 0.7419600000000001,
      "g": 0.43891199999999997,
      "h": 0.367104,
      "l": 21.046016,
      "k": 1.232196,
      "m": 11.412654,
      "f": 3.5712140000000003,
      "p": 0.50901,
      "s": 2.7506000000000004,
      "t": 14.348424999999999,
      "w": 0.128349,
      "y": 1.027264,
      "v": 63.43080499999999
    },
    "l": {
      "a": 2.30244,
      "r": 1.964258,
      "n": 0.5117400000000001,
      "d": 0.360808,
      "c": 0.455469,
      "q": 2.934144,
      "e": 0.55647,
      "g": 0.43891199999999997,
      "h": 1.284864,
      "i": 12.311269000000001,
      "k": 0.821464,
      "m": 9.244488,
      "f": 9.951248,
      "p": 5.191902,
      "s": 4.057135000000001,
      "t": 1.464125,
      "w": 0.741572,
      "y": 0.770448,
      "v": 11.880899999999999
    },
    "k": {
      "a": 2.68618,
      "r": 33.392386,
      "n": 11.215635,
      "d": 1.340144,
      "c": 0.138621,
      "q": 11.899583999999999,
      "e": 11.191230000000001,
      "g": 1.975104,
      "h": 1.03248,
      "i": 1.128981,
      "l": 1.286656,
      "m": 1.54869,
      "f": 0.160504,
      "p": 1.068921,
      "s": 3.231955,
      "t": 6.032195,
      "w": 0.14261,
      "y": 0.256816,
      "v": 0.92407
    },
    "m": {
      "a": 4.144392,
      "r": 2.274404,
      "n": 1.27935,
      "d": 0.77316,
      "c": 0.613893,
      "q": 1.752336,
      "e": 1.11294,
      "g": 1.024128,
      "h": 0.7571519999999999,
      "i": 25.751519000000002,
      "l": 35.658752,
      "k": 3.81394,
      "f": 1.7254180000000001,
      "p": 0.814416,
      "s": 1.994185,
      "t": 13.23569,
      "w": 0.342264,
      "y": 0.577836,
      "v": 21.319615
    },
    "f": {
      "a": 1.15122,
      "r": 0.258455,
      "n": 0.42645,
      "d": 0.206176,
      "c": 1.544634,
      "q": 0.163008,
      "e": 0.30915000000000004,
      "g": 0.36576,
      "h": 0.9177599999999999,
      "i": 4.7847290000000005,
      "l": 22.792192,
      "k": 0.234704,
      "m": 1.024518,
      "p": 0.865317,
      "s": 6.32638,
      "t": 0.70278,
      "w": 0.755833,
      "y": 17.206671999999998,
      "v": 4.0923099999999994
    },
    "p": {
      "a": 14.889111999999999,
      "r": 3.8251340000000003,
      "n": 0.639675,
      "d": 0.77316,
      "c": 0.277242,
      "q": 6.6833279999999995,
      "e": 1.11294,
      "g": 1.7556479999999999,
      "h": 2.63856,
      "i": 0.53761,
      "l": 9.374208,
      "k": 1.232196,
      "m": 0.381216,
      "f": 0.682142,
      "s": 19.598025000000003,
      "t": 6.91067,
      "w": 0.085566,
      "y": 0.32101999999999997,
      "v": 1.5181149999999999
    },
    "s": {
      "a": 29.010744,
      "r": 5.220791,
      "n": 21.450435000000002,
      "d": 3.041096,
      "c": 4.416069,
      "q": 2.159856,
      "e": 1.8549,
      "g": 14.703551999999998,
      "h": 1.674912,
      "i": 2.15044,
      "l": 5.422336,
      "k": 2.757772,
      "m": 0.690954,
      "f": 3.691592,
      "p": 14.506785,
      "t": 27.935505,
      "w": 0.499135,
      "y": 2.022426,