{
  "insrate": 0.01,
  "delrate": 0.01,
  "insextprob": 0.66,
  "delextprob": 0.66,
  "alphabet": "arndcqeghilkmfpstwyv",
  "rootprob": {
    "a": 0.076748,
    "r": 0.051691,
    "n": 0.042645,
    "d": 0.051544,
    "c": 0.019803,
    "q": 0.040752,
    "e": 0.06183,
    "g": 0.073152,
    "h": 0.022944,
    "i": 0.053761,
    "l": 0.091904,
    "k": 0.058676,
    "m": 0.023826,
    "f": 0.040126,
    "p": 0.050901,
    "s": 0.068765,
    "t": 0.058565,
    "w": 0.014261,
    "y": 0.032102,
    "v": 0.066005
  },
  "subrate": {
    "a": {
      "r": 0.029789184572902885,
      "n": 0.022881135150592462,
      "d": 0.041483828005703056,
      "c": 0.011018810196880455,
      "q": 0.023080194856088292,
      "e": 0.0645066121111497,
      "g": 0.13010528043232414,
      "h": 0.006155290947299723,
      "i": 0.01923027641897841,
      "l": 0.02739500325529956,
      "k": 0.020405358629758043,
      "m": 0.012783818175589542,
      "f": 0.005980435566581162,
      "p": 0.09811688057662074,
      "s": 0.2582705782720937,
      "t": 0.2764059865664693,
      "w": 0.0012752877179137807,
      "y": 0.003508653355500628,
      "v": 0.19543789990282692
    },
    "r": {
      "a": 0.044229369476333415,
      "n": 0.01906761262549372,
      "d": 0.008194336396188258,
      "c": 0.02223438486156235,
      "q": 0.12552386676118193,
      "e": 0.017816111916412775,
      "g": 0.09957778446496317,
      "h": 0.0747753863227522,
      "i": 0.011751835589375696,
      "l": 0.034700337456712776,
      "k": 0.37662461928067703,
      "m": 0.010416444439369255,
      "f": 0.0019934785221937205,
      "p": 0.0374260266117007,
      "s": 0.06900880530550652,
      "t": 0.03724206976895587,
      "w": 0.01785402805079293,
      "y": 0.006379369737273869,
      "v": 0.011149141940765293
    },
    "n": {
      "a": 0.04117906813313801,
      "r": 0.023112298375528098,
      "d": 0.2704131010742125,
      "c": 0.006689991905248849,
      "q": 0.03482275013374725,
      "e": 0.03563222383282555,
      "g": 0.05887445650848187,
      "h": 0.08913773186645156,
      "i": 0.025106194213666257,
      "l": 0.010958001302119824,
      "k": 0.15333169484646758,
      "m": 0.007102121208660856,
      "f": 0.003986957044387441,
      "p": 0.007586356745615006,
      "s": 0.3436775155313839,
      "t": 0.13500250291246502,
      "w": 0.0011335890825900274,
      "y": 0.02232779408045854,
      "v": 0.010493310061896747
    },
    "d": {
      "a": 0.06176860219970701,
      "r": 0.008217706089076657,
      "n": 0.22372665480579298,
      "c": 0.0019676446780143675,
      "q": 0.01984086926225134,
      "e": 0.4712054427547792,
      "g": 0.09448986847040301,
      "h": 0.02553305874435441,
      "i": 0.005875917794687848,
      "l": 0.006392167426236564,
      "k": 0.015158266410677404,
      "m": 0.003551060604330428,
      "f": 0.0015947828177549765,
      "p": 0.007586356745615006,
      "s": 0.040312074386385,
      "t": 0.022112478925317546,
      "w": 0.0005667945412950137,
      "y": 0.014672550395729898,
      "v": 0.020330788244924944
    },
    "c": {
      "a": 0.042704218804735704,
      "r": 0.0580375492541039,
      "n": 0.014406640650373033,
      "d": 0.005121460247617661,
      "q": 0.0036442412930665726,
      "e": 0.0030717434338642714,
      "g": 0.04288386338272136,
      "h": 0.015730187976432625,
      "i": 0.009080963864517582,
      "l": 0.021002835829062996,
      "k": 0.004081071725951608,
      "m": 0.007338858582282884,
      "f": 0.031098264946222046,
      "p": 0.0070805996292406725,
      "s": 0.15236597607057378,
      "t": 0.02444010828587729,
      "w": 0.016295343062231644,
      "y": 0.06666441375451193,
      "v": 0.04066157648984989
    },
    "q": {
      "a": 0.04346679414053456,
      "r": 0.15921805547586024,
      "n": 0.036440326350943554,
      "d": 0.02509515521332654,
      "c": 0.0017708802102129307,
      "e": 0.1984346258276319,
      "g": 0.0188979736940806,
      "h": 0.13610032205696054,
      "i": 0.004807569104744602,
      "l": 0.06574800781271894,
      "k": 0.17023899199683853,
      "m": 0.010179707065747228,
      "f": 0.0015947828177549765,
      "p": 0.08294416708539072,
      "s": 0.036212541397939065,
      "t": 0.02967727434713671,
      "w": 0.0025505754358275613,
      "y": 0.0076552436847286435,
      "v": 0.013116637577370933
    },
    "e": {
      "a": 0.08007041025887944,
      "r": 0.014894592286451442,
      "n": 0.02457603405063635,
      "d": 0.3928160009922746,
      "c": 0.0009838223390071837,
      "q": 0.130787770851167,
      "g": 0.08649457190752276,
      "h": 0.0059273172085108445,
      "i": 0.00641009213965947,
      "l": 0.008218500976589868,
      "k": 0.1055248546281773,
      "m": 0.004261272725196514,
      "f": 0.0019934785221937205,
      "p": 0.009103628094738006,
      "s": 0.020497664942229658,
      "t": 0.018621034884477933,
      "w": 0.0014169863532375341,
      "y": 0.0022327794080458543,
      "v": 0.029512434549084598
    },
    "g": {
      "a": 0.1365009851079945,
      "r": 0.07036410838771888,
      "n": 0.03432170272588869,
      "d": 0.0665789832190296,
      "c": 0.011609103600284767,
      "q": 0.010527808179970097,
      "e": 0.07310749372596966,
      "h": 0.0052433959921442085,
      "i": 0.003205046069829735,
      "l": 0.005479000651059912,
      "k": 0.01574127665724192,
      "m": 0.0033143232307083995,
      "f": 0.0019934785221937205,
      "p": 0.01213817079298401,
      "s": 0.1373343551129387,
      "t": 0.01920294222461787,
      "w": 0.007793424942806437,
      "y": 0.0025517478949095476,
      "v": 0.030824098306821694
    },
    "h": {
      "a": 0.020589534066569003,
      "r": 0.16846297482607148,
      "n": 0.16567636747928988,
      "d": 0.05736035477331781,
      "c": 0.013576748278299135,
      "q": 0.24173467244008262,
      "e": 0.01597306585609421,
      "g": 0.016717438267840532,
      "i": 0.00854678951954596,
      "l": 0.05113733940989251,
      "k": 0.026235461095403197,
      "m": 0.0078123333295269425,
      "f": 0.015947828177549764,
      "p": 0.05816206838304838,
      "s": 0.0498776513594255,
      "t": 0.02676773764643703,
      "w": 0.0011335890825900274,
      "y": 0.18276894297289634,
      "v": 0.007214150667554013
    },
    "i": {
      "a": 0.02745271208875867,
      "r": 0.011299345872480404,
      "n": 0.01991506207551566,
      "d": 0.005633606272379427,
      "c": 0.0033449959526244246,
      "q": 0.0036442412930665726,
      "e": 0.007372184241274252,
      "g": 0.0043610708524801384,
      "h": 0.0036475798206220583,
      "l": 0.20911519151545332,
      "k": 0.012243215177854826,
      "m": 0.11339720196495168,
      "f": 0.03548391769504823,
      "p": 0.005057571163743337,
      "s": 0.027330219922972878,
      "t": 0.14256729833428416,
      "w": 0.0012752877179137807,
      "y": 0.01020699157963819,
      "v": 0.6302544355926734
    },
    "l": {
      "a": 0.022877260073965556,
      "r": 0.019517051961557064,
      "n": 0.005084696700131659,
      "d": 0.003585022173332363,
      "c": 0.0045255827594330444,
      "q": 0.02915393034453258,
      "e": 0.005529138180955688,
      "g": 0.0043610708524801384,
      "h": 0.012766529372177204,
      "i": 0.12232592499850155,
      "k": 0.008162143451903216,
      "m": 0.09185410096534707,
      "f": 0.09887653470080854,
      "p": 0.05158722587018204,
      "s": 0.040312074386385,
      "t": 0.014547683503498384,
      "w": 0.007368329036835178,
      "y": 0.0076552436847286435,
      "v": 0.11804973819633839
    },
    "k": {
      "a": 0.026690136752959816,
      "r": 0.3317898833464701,
      "n": 0.11143960267788551,
      "d": 0.01331579664380592,
      "c": 0.0013773512746100569,
      "q": 0.1182353841750488,
      "e": 0.11119711230588662,
      "g": 0.019624818836160626,
      "h": 0.01025881824549954,
      "i": 0.011217661244404072,
      "l": 0.012784334852473128,
      "m": 0.015387929285431855,
      "f": 0.0015947828177549765,