{
  "insrate": 0.01,
  "delrate": 0.01,
  "insextprob": 0.66,
  "delextprob": 0.66,
  "alphabet": "arndcqeghilkmfpstwyv",
  "wildcard": "x",
  "rootprob": {
    "a": 0.079066,
    "r": 0.055941,
    "n": 0.041977,
    "d": 0.053052,
    "c": 0.012937,
    "q": 0.040767,
    "e": 0.071586,
    "g": 0.057337,
    "h": 0.022355,
    "i": 0.062157,
    "l": 0.099081,
    "k": 0.0646,
    "m": 0.022951,
    "f": 0.042302,
    "p": 0.04404,
    "s": 0.061197,
    "t": 0.053287,
    "w": 0.012066,
    "y": 0.034155,
    "v": 0.069147
  },
  "subrate": {
    "a": {
      "r": 0.023780059838785415,
      "n": 0.011619956117479187,
      "d": 0.020963119830342308,
      "c": 0.03220118806861281,
      "q": 0.039539556174800844,
      "e": 0.07434507079592036,
      "g": 0.11846019836138307,
      "h": 0.008022247759976862,
      "i": 0.009312956806827104,
      "l": 0.039170273824718854,
      "k": 0.034658964166178474,
      "m": 0.025797653869038237,
      "f": 0.010732029160376083,
      "p": 0.051863602444553035,
      "s": 0.28928853358549556,
      "t": 0.11400726534071219,
      "w": 0.002180525116577236,
      "y": 0.007478523362328794,
      "v": 0.17617706551848886
    },
    "r": {
      "a": 0.03361030748848622,
      "n": 0.03156149298708182,
      "d": 0.0065759888937963135,
      "c": 0.006915466606697501,
      "q": 0.11446965967381248,
      "e": 0.02605508227143853,
      "g": 0.022372375035829305,
      "h": 0.0542465109781797,
      "i": 0.007893357123778822,
      "l": 0.029907316576601065,
      "k": 0.40866276521168743,
      "m": 0.011111304862018612,
      "f": 0.002230239697097559,
      "p": 0.014644711643512854,
      "s": 0.05251611729460102,
      "t": 0.03085239246806752,
      "w": 0.007162441678846282,
      "y": 0.010739667636638212,
      "v": 0.011816289761745303
    },
    "n": {
      "a": 0.02188682970161301,
      "r": 0.04206068750006776,
      "d": 0.2692990903662267,
      "c": 0.006840652148607381,
      "q": 0.06913052504967644,
      "e": 0.03877888487354867,
      "g": 0.08243001678246818,
      "h": 0.10080372861884797,
      "i": 0.011903218096361284,
      "l": 0.006779796292793331,
      "k": 0.13857164444745146,
      "m": 0.008514888572000574,
      "f": 0.0037870757725932055,
      "p": 0.007125079203173861,
      "s": 0.24529878644522043,
      "t": 0.10660987847848198,
      "w": 0.0005475052578883485,
      "y": 0.02090365438657137,
      "v": 0.00578675766782108
    },
    "d": {
      "a": 0.031242366593264063,
      "r": 0.006934090980695536,
      "n": 0.213080900179128,
      "c": 0.0008092846689063697,
      "q": 0.021336816340862316,
      "e": 0.37538660953025904,
      "g": 0.048445384194250804,
      "h": 0.020725574488358038,
      "i": 0.000664456439064151,
      "l": 0.0014937409050543244,
      "k": 0.01827909938063158,
      "m": 0.000586350479341114,
      "f": 0.0007367295353865765,
      "p": 0.01737179280267975,
      "s": 0.07590089317330083,
      "t": 0.02269273724013015,
      "w": 0.00036065171364339603,
      "y": 0.004614566452688203,
      "v": 0.0026252966778291145
    },
    "c": {
      "a": 0.1968013554790863,
      "r": 0.029903232391224,
      "n": 0.022196031169675508,
      "d": 0.003318711467482471,
      "q": 0.003457357896917096,
      "e": 0.0002504787011780186,
      "g": 0.03263985441723913,
      "h": 0.01431929801458755,
      "i": 0.019929155723837376,
      "l": 0.05885464007618758,
      "k": 0.0008569811611698462,
      "m": 0.020510791309596318,
      "f": 0.04675419474710319,
      "p": 0.003319813832345319,
      "s": 0.17040121523162713,
      "t": 0.0609324453560889,
      "w": 0.008085741437284098,
      "y": 0.03980863217105396,
      "v": 0.1354787092264462
    },
    "q": {
      "a": 0.07668542076966182,
      "r": 0.15707673441295028,
      "n": 0.07118237913043068,
      "d": 0.027766595052749227,
      "c": 0.0010971579736653782,
      "e": 0.2955484742427142,
      "g": 0.01536392145975772,
      "h": 0.10760559804682471,
      "i": 0.004528373190980324,
      "l": 0.057710257782915005,
      "k": 0.20893479780526658,
      "m": 0.03838702187572755,
      "f": 0.0015167338936199874,
      "p": 0.027493829516995943,
      "s": 0.0748943889786494,
      "t": 0.05755704323393889,
      "w": 0.0028499690234478586,
      "y": 0.008789286067109561,
      "v": 0.014543785414732618
    },
    "e": {
      "a": 0.08211336528860726,
      "r": 0.020360787826482037,
      "n": 0.02273937991139263,
      "d": 0.27819699953621246,
      "c": 0.000045266434179029796,
      "q": 0.1683097903144851,
      "g": 0.02000178351715039,
      "h": 0.009475832788308334,
      "i": 0.0027513717750397237,
      "l": 0.006903250867461523,
      "k": 0.11674330196739328,
      "m": 0.003987380637557869,
      "f": 0.0007957406574504417,
      "p": 0.018470719795310783,
      "s": 0.03745080510204949,
      "t": 0.032214297738304795,
      "w": 0.0009393595587342143,
      "y": 0.004099852067482321,
      "v": 0.01694331778005055
    },
    "g": {
      "a": 0.1633530537635578,
      "r": 0.02182766855397609,
      "n": 0.06034785242474609,
      "d": 0.044824886587603016,
      "c": 0.007364560346649156,
      "q": 0.010923853465475052,
      "e": 0.024972490274320733,
      "h": 0.006963205003841722,
      "i": 0.000541075145187412,
      "l": 0.004385411660825779,
      "k": 0.019162631066242917,
      "m": 0.0032025275241232332,
      "f": 0.0037896561872497615,
      "p": 0.008674137754803087,
      "s": 0.1064818649997877,
      "t": 0.006918551242919123,
      "w": 0.003239603186611878,
      "y": 0.0018675559302370587,
      "v": 0.0053036289537274715
    },
    "h": {
      "a": 0.0283733858819204,
      "r": 0.13574610022949454,
      "n": 0.18928374485499355,
      "d": 0.04918511195510492,
      "c": 0.00828668120844192,
      "q": 0.1962315998915188,
      "e": 0.030343858912271992,
      "g": 0.017859507282723005,
      "i": 0.006767759214048915,
      "l": 0.03629495138742272,
      "k": 0.04504312621452824,
      "m": 0.010155145972092586,
      "f": 0.028855761859156177,
      "p": 0.02240973426551097,
      "s": 0.06058559194717776,
      "t": 0.031133480593136052,
      "w": 0.0072040330624839125,
      "y": 0.18125439944921548,
      "v": 0.008229368491544669
    },
    "i": {
      "a": 0.011846425066985085,
      "r": 0.007103983314209358,
      "n": 0.008038698554160555,
      "d": 0.0005671242660558157,
      "c": 0.004147939694632691,
      "q": 0.002970030565772075,
      "e": 0.003168745272262073,
      "g": 0.0004991171645930569,
      "h": 0.002434050183085791,
      "l": 0.4106962146518183,
      "k": 0.010275828156650554,
      "m": 0.0980832751278198,
      "f": 0.047070443599109967,
      "p": 0.003447485429012548,
      "s": 0.003923022520710688,
      "t": 0.05508469333084793,
      "w": 0.001347285725842141,
      "y": 0.00794180046391689,
      "v": 0.7363517061908176
    },
    "l": {
      "a": 0.03125762628783743,
      "r": 0.016885630914218068,
      "n": 0.0028723520047495045,
      "d": 0.0007998096758706717,
      "c": 0.007684646689735052,
      "q": 0.02374495694468259,
      "e": 0.004987597184102912,
      "g": 0.002537785734871143,
      "h": 0.008188993230446149,
      "i": 0.2576441963051752,
      "k": 0.008882474721909684,
      "m": 0.1448745161684952,
      "f": 0.10967574486452078,
      "p": 0.010968571185215636,
      "s": 0.011155385792571396,
      "t": 0.016142504693035426,
      "w": 0.007476458435205244,
      "y": 0.010234448314410912,
      "v": 0.1177393734477345
    },
    "k": {
      "a": 0.042420211466920536,
      "r": 0.35388550694592885,
      "n": 0.09004368295620233,
      "d": 0.015011498147697625,
      "c": 0.00017162175359217182,
      "q": 0.13185208826822448,
      "e": 0.12936820456095688,
      "g": 0.017008169929491793,
      "h": 0.015587292361080167,
      "i": 0.009887223695556167,
      "l": 0.0136235987294355,
      "m": 0.01506967551813421,
      "f": 0.0010117763566476882,