{
  "insrate": 0.01,
  "delrate": 0.01,
  "insextprob": 0.66,
  "delextprob": 0.66,
  "alphabet": "arndcqeghilkmfpstwyv",
  "rootprob": {
    "a": 0.079066,
    "r": 0.055941,
    "n": 0.041977,
    "d": 0.053052,
    "c": 0.012937,
    "q": 0.040767,
    "e": 0.071586,
    "g": 0.057337,
    "h": 0.022355,
    "i": 0.062157,
    "l": 0.099081,
    "k": 0.0646,
    "m": 0.022951,
    "f": 0.042302,
    "p": 0.04404,
    "s": 0.061197,
    "t": 0.053287,
    "w": 0.012066,
    "y": 0.034155,
    "v": 0.069147
  },
  "subrate": {
    "a": {
      "r": 0.023780127512999998,
      "n": 0.011619989186,
      "d": 0.020963179488,
      "c": 0.032201279708000005,
      "q": 0.039539668698,
      "e": 0.07434528237,
      "g": 0.11846053548,
      "h": 0.00802227059,
      "i": 0.009312983309999998,
      "l": 0.039170385297,
      "k": 0.03465906280000001,
      "m": 0.025797727284999995,
      "f": 0.010732059702,
      "p": 0.05186375004,
      "s": 0.289289356854,
      "t": 0.11400758978700001,
      "w": 0.002180531322,
      "y": 0.007478544644999999,
      "v": 0.17617756689
    },
    "r": {
      "a": 0.033610403138,
      "n": 0.031561582806,
      "d": 0.006576007608,
      "c": 0.006915486287,
      "q": 0.11446998543599998,
      "e": 0.02605515642,
      "g": 0.022372438704,
      "h": 0.054246665354999994,
      "i": 0.007893379587,
      "l": 0.029907401688,
      "k": 0.4086639282,
      "m": 0.011111336482999999,
      "f": 0.002230246044,
      "p": 0.014644753320000002,
      "s": 0.052516266747,
      "t": 0.030852480269,
      "w": 0.007162462062,
      "y": 0.0107396982,
      "v": 0.011816323389
    },
    "n": {
      "a": 0.021886891988,
      "r": 0.042060807198000004,
      "d": 0.269299856748,
      "c": 0.0068406716160000006,
      "q": 0.069130721784,
      "e": 0.038778995232,
      "g": 0.082430251365,
      "h": 0.10080401549,
      "i": 0.011903251971,
      "l": 0.0067798155870000005,
      "k": 0.1385720388,
      "m": 0.008514912804,
      "f": 0.00378708655,
      "p": 0.00712509948,
      "s": 0.24529948452600003,
      "t": 0.10661018187299999,
      "w": 0.000547506816,
      "y": 0.020903713875,
      "v": 0.005786774136
    },
    "d": {
      "a": 0.031242455504,
      "r": 0.006934110713999999,
      "n": 0.213081506573,
      "c": 0.000809286972,
      "q": 0.021336877062,
      "e": 0.37538767782,
      "g": 0.04844552206199999,
      "h": 0.02072563347,
      "i": 0.0006644583299999999,
      "l": 0.0014937451560000001,
      "k": 0.018279151400000002,
      "m": 0.000586352148,
      "f": 0.000736731632,
      "p": 0.01737184224,
      "s": 0.07590110917500001,
      "t": 0.02269280182,
      "w": 0.00036065274,
      "y": 0.0046145795849999996,
      "v": 0.002625304149
    },
    "c": {
      "a": 0.196801915544,
      "r": 0.029903317491,
      "n": 0.022196094336,
      "d": 0.003318720912,
      "q": 0.0034573677359999995,
      "e": 0.000250479414,
      "g": 0.032639947305,
      "h": 0.014319338765,
      "i": 0.019929212438999998,
      "l": 0.058854807567,
      "k": 0.0008569836000000001,
      "m": 0.02051084968,
      "f": 0.046754327802,
      "p": 0.0033198232800000006,
      "s": 0.170401700166,
      "t": 0.06093261876,
      "w": 0.008085764448,
      "y": 0.039808745459999996,
      "v": 0.135479094777
    },
    "q": {
      "a": 0.076685639004,
      "r": 0.15707718142799998,
      "n": 0.07118258170399999,
      "d": 0.027766674072,
      "c": 0.001097161096,
      "e": 0.295549315326,
      "g": 0.015363965182999999,
      "h": 0.107605904275,
      "i": 0.004528386078,
      "l": 0.057710422017,
      "k": 0.2089353924,
      "m": 0.038387131118999995,
      "f": 0.00151673821,
      "p": 0.027493907760000002,
      "s": 0.07489460211599999,
      "t": 0.057557207032,
      "w": 0.002849977134,
      "y": 0.008789311079999999,
      "v": 0.014543826804
    },
    "e": {
      "a": 0.08211359897,
      "r": 0.02036084577,
      "n": 0.022739444624,
      "d": 0.27819779124000005,
      "c": 0.000045266563000000003,
      "q": 0.168310269297,
      "g": 0.020001840439,
      "h": 0.009475859755,
      "i": 0.0027513796049999997,
      "l": 0.006903270513,
      "k": 0.11674363420000002,
      "m": 0.003987391985,
      "f": 0.000795742922,
      "p": 0.01847077236,
      "s": 0.037450911681,
      "t": 0.032214389415,
      "w": 0.0009393622320000001,
      "y": 0.004099863735,
      "v": 0.016943365998
    },
    "g": {
      "a": 0.16335351864,
      "r": 0.021827730671999997,
      "n": 0.060348024165,
      "d": 0.044825014152,
      "c": 0.007364581305,
      "q": 0.010923884553,
      "e": 0.024972561342,
      "h": 0.00696322482,
      "i": 0.0005410766849999999,
      "l": 0.0043854241410000005,
      "k": 0.019162685600000003,
      "m": 0.003202536638,
      "f": 0.0037896669719999997,
      "p": 0.00867416244,
      "s": 0.10648216803,
      "t": 0.006918570932,
      "w": 0.003239612406,
      "y": 0.001867561245,
      "v": 0.005303644047
    },
    "h": {
      "a": 0.028373466628,
      "r": 0.135746486541,
      "n": 0.189284283526,
      "d": 0.049185251928,
      "c": 0.008286704791,
      "q": 0.196232158335,
      "e": 0.030343945266,
      "g": 0.017859558108,
      "i": 0.006767778474,
      "l": 0.036295054677,
      "k": 0.0450432544,
      "m": 0.010155174872,
      "f": 0.028855843978000003,
      "p": 0.022409798040000005,
      "s": 0.060585764364000004,
      "t": 0.031133569193999996,
      "w": 0.007204053564,
      "y": 0.18125491527,
      "v": 0.008229391911
    },
    "i": {
      "a": 0.01184645878,
      "r": 0.007104003530999999,
      "n": 0.008038721431,
      "d": 0.00056712588,
      "c": 0.004147951499,
      "q": 0.0029700390179999998,
      "e": 0.00316875429,
      "g": 0.0004991185849999999,
      "h": 0.0024340571100000003,
      "l": 0.410697383427,
      "k": 0.0102758574,
      "m": 0.098083554257,
      "f": 0.047070577554,
      "p": 0.0034474952400000004,
      "s": 0.003923033685,
      "t": 0.055084850093,
      "w": 0.00134728956,
      "y": 0.007941823064999999,
      "v": 0.736353801729
    },
    "l": {
      "a": 0.031257715242,
      "r": 0.016885678968,
      "n": 0.002872360179,
      "d": 0.0007998119520000001,
      "c": 0.0076846685589999995,
      "q": 0.023745024519,
      "e": 0.004987611378,
      "g": 0.002537792957,
      "h": 0.008189016535,
      "i": 0.257644929519,
      "k": 0.008882500000000002,
      "m": 0.14487492845799999,
      "f": 0.109676056984,
      "p": 0.010968602400000001,
      "s": 0.011155417539,
      "t": 0.016142550632,
      "w": 0.007476479712,
      "y": 0.01023447744,
      "v": 0.117739708515
    },
    "k": {
      "a": 0.042420332188,
      "r": 0.353886514047,
      "n": 0.090043939206,
      "d": 0.015011540868000002,
      "c": 0.000171622242,
      "q": 0.13185246349799998,
      "e": 0.129368572722,
      "g": 0.017008218332,
      "h": 0.015587336719999999,
      "i": 0.009887251832999999,
      "l": 0.0136236375,
      "m": 0.015069718404,
      "f": 0.001011779236,
      "p": 0.01718978088,
      "s": 0.045817153551,
      "t": 0.060580018681,
      "w": 0.000602165796,
      "y": 0.004506137459999999,
      "v": 0.012806162694000001
    },
    "m": {
      "a": 0.08887295130999999,
      "r": 0.027082884152999996,
      "n": 0.015573634908000001,
      "d": 0.001355372496,
      "c": 0.01156153816,
      "q": 0.068185620423,
      "e": 0.01243699371,
      "g": 0.008000690306,
      "h": 0.00989146156,
      "i": 0.265634590299,
      "l": 0.625434742998,
      "k": 0.0424166184,
      "f": 0.076095079606,
      "p": 0.00439734996,
      "s": 0.02123291112,
      "t": 0.107659243042,
      "w": 0.00840004755,
      "y": 0.01643900643,
      "v": 0.131290653546
    },
    "f": {
      "a": 0.020059123266,
      "r": 0.0029493214019999997,
      "n": 0.003757990925,
      "d": 0.0009239536320000001,
      "c": 0.014298632187000001,
      "q": 0.001461700785,