{
  "alphabet": "arndcqeghilkmfpstwyv",
  "rootprob":
  {
    "a": 0.0788272,
    "r": 0.0521421,
    "n": 0.041964,
    "d": 0.0511397,
    "c": 0.0137835,
    "q": 0.0370417,
    "e": 0.0637743,
    "g": 0.0752693,
    "h": 0.021447,
    "i": 0.0643926,
    "l": 0.100979,
    "k": 0.0567807,
    "m": 0.0213889,
    "f": 0.0443702,
    "p": 0.0465874,
    "s": 0.0614827,
    "t": 0.0535053,
    "w": 0.0132036,
    "y": 0.0333285,
    "v": 0.068592
  },
  "subrate":
  {
    "a": { "r": 0.0240238, "n": 0.0228527, "d": 0.0242709, "c": 0.026984, "q": 0.0495021, "e": 0.0754655, "g": 0.11182, "h": 0.00850349, "i": 0.0243006, "l": 0.0603007, "k": 0.0507093, "m": 0.0239021, "f": 0.0162294, "p": 0.0485283, "s": 0.218536, "t": 0.0928044, "w": 0.00279672, "y": 0.0153185, "v": 0.149832 },
    "r": { "a": 0.0363187, "n": 0.0388271, "d": 0.0111432, "c": 0.00548333, "q": 0.122664, "e": 0.0555687, "g": 0.0268089, "h": 0.0432043, "i": 0.00923608, "l": 0.0386787, "k": 0.349077, "m": 0.0140785, "f": 0.0051681, "p": 0.0220631, "s": 0.0527982, "t": 0.0423743, "w": 0.0094851, "y": 0.0219848, "v": 0.0202622 },
    "n": { "a": 0.0429277, "r": 0.0482444, "d": 0.219487, "c": 0.00591768, "q": 0.0835235, "e": 0.0663082, "g": 0.0982108, "h": 0.0732247, "i": 0.0131107, "l": 0.0180307, "k": 0.129695, "m": 0.0103263, "f": 0.0079186, "p": 0.0168411, "s": 0.203363, "t": 0.0922075, "w": 0.00352831, "y": 0.0256043, "v": 0.0139996 },
    "d": { "a": 0.0374114, "r": 0.0113616, "n": 0.180105, "c": 0.00107891, "q": 0.0448347, "e": 0.320392, "g": 0.0527323, "h": 0.0213699, "i": 0.00250883, "l": 0.00548999, "k": 0.0435904, "m": 0.00263531, "f": 0.00224792, "p": 0.0279271, "s": 0.0846473, "t": 0.0402961, "w": 0.00218948, "y": 0.00841087, "v": 0.00704327 },
    "c": { "a": 0.15432, "r": 0.0207431, "n": 0.0180164, "d": 0.00400298, "q": 0.00529091, "e": 0.000779718, "g": 0.0218447, "h": 0.00952463, "i": 0.0317307, "l": 0.0601736, "k": 0.00407892, "m": 0.0202922, "f": 0.0330544, "p": 0.00502799, "s": 0.11223, "t": 0.0549933, "w": 0.00759014, "y": 0.0255306, "v": 0.108559 },
    "q": { "a": 0.105344, "r": 0.172669, "n": 0.0946225, "d": 0.0618987, "c": 0.00196879, "e": 0.290849, "g": 0.0346958, "h": 0.0862867, "i": 0.0137709, "l": 0.0805434, "k": 0.235953, "m": 0.0350448, "f": 0.0109366, "p": 0.0388879, "s": 0.100045, "t": 0.0686179, "w": 0.00379036, "y": 0.0196789, "v": 0.0282942 },
    "e": { "a": 0.0932779, "r": 0.0454331, "n": 0.0436313, "d": 0.256918, "c": 0.00016852, "q": 0.168932, "g": 0.0312498, "h": 0.0182038, "i": 0.00898808, "l": 0.0196079, "k": 0.146075, "m": 0.00752078, "f": 0.00266547, "p": 0.0365187, "s": 0.0627722, "t": 0.0426322, "w": 0.00210642, "y": 0.00913061, "v": 0.0252627 },
    "g": { "a": 0.117106, "r": 0.0185716, "n": 0.0547542, "d": 0.0358276, "c": 0.00400027, "q": 0.0170745, "e": 0.0264774, "h": 0.00598472, "i": 0.00375856, "l": 0.00944391, "k": 0.0218494, "m": 0.00423622, "f": 0.00557544, "p": 0.0135635, "s": 0.0846735, "t": 0.0148658, "w": 0.00337918, "y": 0.0031755, "v": 0.00906078 },
    "h": { "a": 0.0312541, "r": 0.105039, "n": 0.143274, "d": 0.0509558, "c": 0.00612127, "q": 0.149028, "e": 0.0541305, "g": 0.0210037, "i": 0.0120951, "l": 0.0361801, "k": 0.0615317, "m": 0.0107998, "f": 0.0313586, "p": 0.0267479, "s": 0.0640017, "t": 0.0395103, "w": 0.00949172, "y": 0.138629, "v": 0.0161021 },
    "i": { "a": 0.0297479, "r": 0.00747893, "n": 0.00854411, "d": 0.00199248, "c": 0.00679208, "q": 0.0079217, "e": 0.00890178, "g": 0.00439343, "h": 0.00402847, "l": 0.346555, "k": 0.0145639, "m": 0.0718759, "f": 0.0557255, "p": 0.00766956, "s": 0.00843765, "t": 0.052488, "w": 0.00368759, "y": 0.0158252, "v": 0.527303 },
    "l": { "a": 0.0470724, "r": 0.0199723, "n": 0.00749302, "d": 0.00278034, "c": 0.00821362, "q": 0.0295454, "e": 0.0123835, "g": 0.00703944, "h": 0.00768431, "i": 0.220992, "k": 0.0193047, "m": 0.111178, "f": 0.104872, "p": 0.0146654, "s": 0.0183856, "t": 0.0232339, "w": 0.0100753, "y": 0.0212762, "v": 0.123059 },
    "k": { "a": 0.0703984, "r": 0.32056, "n": 0.0958515, "d": 0.0392598, "c": 0.000990158, "q": 0.153927, "e": 0.164067, "g": 0.0289639, "h": 0.0232415, "i": 0.0165164, "l": 0.0343316, "m": 0.0185073, "f": 0.00562946, "p": 0.0388795, "s": 0.0754729, "t": 0.0763306, "w": 0.0026535, "y": 0.0149969, "v": 0.0233132 },
    "m": { "a": 0.0880891, "r": 0.0343205, "n": 0.0202596, "d": 0.00630088, "c": 0.0130768, "q": 0.0606911, "e": 0.0224243, "g": 0.0149076, "h": 0.0108291, "i": 0.216387, "l": 0.52488, "k": 0.0491308, "f": 0.0866203, "p": 0.010412, "s": 0.0323154, "t": 0.0938755, "w": 0.0155669, "y": 0.0266379, "v": 0.122497 },
    "f": { "a": 0.0288327, "r": 0.00607333, "n": 0.00748916, "d": 0.00259088, "c": 0.0102683, "q": 0.0091302, "e": 0.00383114, "g": 0.00945814, "h": 0.0151577, "i": 0.0808721, "l": 0.238671, "k": 0.00720404, "m": 0.0417558, "p": 0.00982135, "s": 0.0294007, "t": 0.0120255, "w": 0.0349681, "y": 0.208717, "v": 0.0523036 },
    "p": { "a": 0.0821112, "r": 0.0246937, "n": 0.0151697, "d": 0.030656, "c": 0.0014876, "q": 0.0309198, "e": 0.0499911, "g": 0.021914, "h": 0.0123137, "i": 0.0106008, "l": 0.0317876, "k": 0.0473864, "m": 0.00478029, "f": 0.00935393, "s": 0.0855018, "t": 0.0382618, "w": 0.00288889, "y": 0.00680453, "v": 0.0269469 },
    "s": { "a": 0.280186, "r": 0.0447769, "n": 0.138802, "d": 0.0704074, "c": 0.0251603, "q": 0.0602744, "e": 0.0651118, "g": 0.10366, "h": 0.0223257, "i": 0.00883699, "l": 0.0301964, "k": 0.069701, "m": 0.0112421, "f": 0.0212176, "p": 0.0647874, "t": 0.269256, "w": 0.00415619, "y": 0.0197718, "v": 0.0179727 },
    "t": { "a": 0.136725, "r": 0.0412947, "n": 0.072318, "d": 0.0385145, "c": 0.0141669, "q": 0.0475042, "e": 0.0508144, "g": 0.0209126, "h": 0.0158373, "i": 0.0631684, "l": 0.0438487, "k": 0.0810034, "m": 0.0375271, "f": 0.00997241, "p": 0.0333148, "s": 0.309401, "w": 0.00311643, "y": 0.0146879, "v": 0.137747 },
    "w": { "a": 0.0166968, "r": 0.0374575, "n": 0.0112138, "d": 0.00848025, "c": 0.00792353, "q": 0.0106336, "e": 0.0101742, "g": 0.0192636, "h": 0.0154177, "i": 0.0179841, "l": 0.0770549, "k": 0.0114111, "m": 0.0252175, "f": 0.117509, "p": 0.0101931, "s": 0.0193534, "t": 0.0126288, "y": 0.111473, "v": 0.0146711 },
    "y": { "a": 0.0362307, "r": 0.0343949, "n": 0.0322383, "d": 0.0129057, "c": 0.0105585, "q": 0.0218713, "e": 0.0174715, "g": 0.00717156, "h": 0.0892082, "i": 0.0305752, "l": 0.0644629, "k": 0.0255497, "m": 0.0170952, "f": 0.277865, "p": 0.00951153, "s": 0.0364739, "t": 0.0235798, "w": 0.0441616, "v": 0.036914 },
    "v": { "a": 0.17219, "r": 0.0154029, "n": 0.00856484, "d": 0.00525121, "c": 0.0218149, "q": 0.0152797, "e": 0.0234883, "g": 0.00994283, "h": 0.00503473, "i": 0.495021, "l": 0.181164, "k": 0.0192988, "m": 0.038198, "f": 0.0338337, "p": 0.0183023, "s": 0.0161099, "t": 0.107449, "w": 0.0028241, "y": 0.0179363 }
  },
  "insrate": 0.01,
  "delrate": 0.01,
  "insextprob": 0.66,
  "delextprob": 0.66
}
