{
  "insrate": 0.01,
  "delrate": 0.01,
  "insextprob": 0.66,
  "delextprob": 0.66,
  "alphabet": "arndcqeghilkmfpstwyv",
  "rootprob": {
    "a": 0.0866279,
    "r": 0.043972,
    "n": 0.0390894,
    "d": 0.0570451,
    "c": 0.0193078,
    "q": 0.0367281,
    "e": 0.0580589,
    "g": 0.0832518,
    "h": 0.0244313,
    "i": 0.048466,
    "l": 0.086209,
    "k": 0.0620286,
    "m": 0.0195027,
    "f": 0.0384319,
    "p": 0.0457631,
    "s": 0.0695179,
    "t": 0.0610127,
    "w": 0.0143859,
    "y": 0.0352742,
    "v": 0.0708956
  },
  "subrate": {
    "a": {
      "r": 0.024253680012,
      "n": 0.0199296524112,
      "d": 0.0421562148098,
      "c": 0.019829882912,
      "q": 0.0333710782038,
      "e": 0.091898529865,
      "g": 0.117944490096,
      "h": 0.0077435982602,
      "i": 0.00937017411,
      "l": 0.034303854235,
      "k": 0.056214349179,
      "m": 0.0174255844392,
      "f": 0.008089684358599998,
      "p": 0.065832507505,
      "s": 0.23433024214099998,
      "t": 0.12941464809699998,
      "w": 0.0016275200247,
      "y": 0.008491734536999999,
      "v": 0.142217282556
    },
    "r": {
      "a": 0.0477814374309,
      "n": 0.024835293932400002,
      "d": 0.008402971410399999,
      "c": 0.0101982061898,
      "q": 0.11148814755,
      "e": 0.0254969723473,
      "g": 0.048674413647,
      "h": 0.052213352795,
      "i": 0.009062124214000001,
      "l": 0.04290371923899999,
      "k": 0.331941090612,
      "m": 0.013323503537400002,
      "f": 0.003947378880899999,
      "p": 0.0310955230559,
      "s": 0.08510311800099998,
      "t": 0.033826234045100004,
      "w": 0.016744036728,
      "y": 0.0134582713486,
      "v": 0.0178549859644
    },
    "n": {
      "a": 0.04416706155919999,
      "r": 0.027937434311999996,
      "d": 0.309721806842,
      "c": 0.0051215097968,
      "q": 0.056694964284,
      "e": 0.054993273962199996,
      "g": 0.09370489600799999,
      "h": 0.096657307877,
      "i": 0.026861601976,
      "l": 0.011338897352,
      "k": 0.186830763486,
      "m": 0.0038658446967000004,
      "f": 0.0036956922109899998,
      "p": 0.0089275113111,
      "s": 0.27628012371699995,
      "t": 0.12385944176200002,
      "w": 0.0010345864545300001,
      "y": 0.0383077812,
      "v": 0.013912977917600001
    },
    "d": {
      "a": 0.0640178448442,
      "r": 0.006477251487999999,
      "n": 0.21223277014800004,
      "c": 0.00058492787022,
      "q": 0.022653267702299997,
      "e": 0.358464938024,
      "g": 0.0720614260512,
      "h": 0.022737624558799997,
      "i": 0.001911353642,
      "l": 0.007310928382299999,
      "k": 0.029764733853,
      "m": 0.0020234831358,
      "f": 0.0017959380597599999,
      "p": 0.0194028221904,
      "s": 0.074506504504,
      "t": 0.0228715867982,
      "w": 0.0018668150852999999,
      "y": 0.011489194956199999,
      "v": 0.010799881226
    },
    "c": {
      "a": 0.08897031841599999,
      "r": 0.023225614651999998,
      "n": 0.0103686978864,
      "d": 0.00172817559999,
      "q": 0.00362939371299,
      "e": 0.0012396736327999998,
      "g": 0.0255311625132,
      "h": 0.0060827096236,
      "i": 0.008245762910000001,
      "l": 0.033128997982999994,
      "k": 0.00459221916954,
      "m": 0.007615453301400001,
      "f": 0.015296664837999999,
      "p": 0.0050066661924,
      "s": 0.09785756711399998,
      "t": 0.0312985388968,
      "w": 0.010315697313,
      "y": 0.0191832740086,
      "v": 0.071047316584
    },
    "q": {
      "a": 0.0787099366842,
      "r": 0.13347700599999998,
      "n": 0.060339961416,
      "d": 0.0351844479133,
      "c": 0.00190795624962,
      "e": 0.317551411783,
      "g": 0.0274774230936,
      "h": 0.10491068964299999,
      "i": 0.005521101322,
      "l": 0.074957777201,
      "k": 0.24159519414,
      "m": 0.030136742202000005,
      "f": 0.00384014619352,
      "p": 0.0427139961732,
      "s": 0.071524881773,
      "t": 0.0523445036856,
      "w": 0.0031035709083000003,
      "y": 0.008032288081999999,
      "v": 0.0213594972636
    },
    "e": {
      "a": 0.137118971515,
      "r": 0.019310611604,
      "n": 0.037025401501200005,
      "d": 0.352205574616,
      "c": 0.0004122601456,
      "q": 0.200883241107,
      "g": 0.0472634621406,
      "h": 0.0139264517825,
      "i": 0.0061743260700000005,
      "l": 0.013298858967,
      "k": 0.160308574698,
      "m": 0.006145768834800001,
      "f": 0.0031181299314099998,
      "p": 0.031226680100500004,
      "s": 0.049005878908099994,
      "t": 0.0501991141155,
      "w": 0.0022522133463,
      "y": 0.0069244312826,
      "v": 0.041738437483600004
    },
    "g": {
      "a": 0.12272747848799999,
      "r": 0.02570888938,
      "n": 0.043997465064,
      "d": 0.0493773258384,
      "c": 0.0059212002572,
      "q": 0.0121221828612,
      "e": 0.0329610245313,
      "h": 0.006093410533,
      "i": 0.0014757945466000002,
      "l": 0.0052849306733,
      "k": 0.0231712797588,
      "m": 0.0033954200700000003,
      "f": 0.0019189431989,
      "p": 0.011146518267000001,
      "s": 0.093280508578,
      "t": 0.013778681079100002,
      "w": 0.0048478037396999995,
      "y": 0.0036545482168,
      "v": 0.0132749884132
    },
    "h": {
      "a": 0.0274570594166,
      "r": 0.0939747598,
      "n": 0.154649002326,
      "d": 0.0530905054876,
      "c": 0.0048071015816,
      "q": 0.157714501491,
      "e": 0.0330950244725,
      "g": 0.020763831438,
      "i": 0.006697516540000001,
      "l": 0.043058119558,
      "k": 0.055232250355200005,
      "m": 0.0078818406807,
      "f": 0.0261095183349,
      "p": 0.0318601786938,
      "s": 0.051454994525099995,
      "t": 0.0288777379989,
      "w": 0.0037772913771,
      "y": 0.136632497248,
      "v": 0.0083910614248
    },
    "i": {
      "a": 0.0167482050465,
      "r": 0.008221840588,
      "n": 0.0216647526984,
      "d": 0.0022496876087,
      "c": 0.0032849325530000003,
      "q": 0.0041839549677,
      "e": 0.0073964135655,
      "g": 0.00253502563518,
      "h": 0.0033761613470000003,
      "l": 0.27336615273,
      "k": 0.020086845595200003,
      "m": 0.08303196514200001,
      "f": 0.040717445092999995,
      "p": 0.00457305166728,
      "s": 0.022206797975999996,
      "t": 0.088966278632,
      "w": 0.0030567591897,
      "y": 0.014821160613999998,
      "v": 0.55449575628
    },
    "l": {
      "a": 0.0344705408285,
      "r": 0.021883589211999996,
      "n": 0.005141350603200001,
      "d": 0.00483769259197,
      "c": 0.007419736538599999,
      "q": 0.0319346789409,
      "e": 0.0089563400907,
      "g": 0.00510364337166,
      "h": 0.0122025059606,
      "i": 0.15368423202,
      "k": 0.015975776073,
      "m": 0.09466649585400001,
      "f": 0.081290001923,
      "p": 0.0190303105564,
      "s": 0.0239655313281,
      "t": 0.0199280900994,
      "w": 0.0095710687431,
      "y": 0.014060931055599999,
      "v": 0.12763618450400002
    },
    "k": {
      "a": 0.07850783379349999,
      "r": 0.23531264023999998,
      "n": 0.11773766369400002,
      "d": 0.0273733764605,
      "c": 0.00142943173442,
      "q": 0.14305227668999998,
      "e": 0.150049162927,
      "g": 0.0310993759044,
      "h": 0.021754411321599998,
      "i": 0.015694841712,
      "l": 0.022203558994999997,
      "m": 0.018220904545200003,
      "f": 0.0034141362683999996,
      "p": 0.0254852873376,
      "s": 0.06723284662699999,
      "t": 0.08462339464600001,
      "w": 0.0019781331795,
      "y": 0.004700780988799999,
      "v": 0.0216539266904
    },
    "m": {
      "a": 0.07740168213839999,
      "r": 0.030039999464,
      "n": 0.007748339957400001,
      "d": 0.0059186573054,
      "c": 0.0075393483595999995,
      "q": 0.056754463806,
      "e": 0.0182957528036,
      "g": 0.01449413838,
      "h": 0.0098736900133,
      "i": 0.20634205636,
      "l": 0.41846021018,
      "k": 0.0579518322936,
      "f": 0.045758173097,
      "p": 0.0078405461599,
      "s": 0.03433523839949999,
      "t": 0.092502574724,
      "w": 0.0074188949454,