{
  "insrate": 0.01,
  "delrate": 0.01,
  "insextprob": 0.66,
  "delextprob": 0.66,
  "alphabet": "arndcqeghilkmfpstwyv",
  "wildcard": "x",
  "rootprob": {
    "a": 0.0866279,
    "r": 0.043972,
    "n": 0.0390894,
    "d": 0.0570451,
    "c": 0.0193078,
    "q": 0.0367281,
    "e": 0.0580589,
    "g": 0.0832518,
    "h": 0.0244313,
    "i": 0.048466,
    "l": 0.086209,
    "k": 0.0620286,
    "m": 0.0195027,
    "f": 0.0384319,
    "p": 0.0457631,
    "s": 0.0695179,
    "t": 0.0610127,
    "w": 0.0143859,
    "y": 0.0352742,
    "v": 0.0708956
  },
  "subrate": {
    "a": {
      "r": 0.025454598385999616,
      "n": 0.02091646702061985,
      "d": 0.04424357528121363,
      "c": 0.02081175744532852,
      "q": 0.035023443574964015,
      "e": 0.09644887575081307,
      "g": 0.12378449891932998,
      "h": 0.008127021700558104,
      "i": 0.00983413727974195,
      "l": 0.03600240591167065,
      "k": 0.058997796671425476,
      "m": 0.018288410390575757,
      "f": 0.008490244215136958,
      "p": 0.0690921970791226,
      "s": 0.2459330790396344,
      "t": 0.1358226005680265,
      "w": 0.0017081065048031225,
      "y": 0.008912201865156585,
      "v": 0.14925915610414991
    },
    "r": {
      "a": 0.05014733019927536,
      "n": 0.02606501085751585,
      "d": 0.008819043641828382,
      "c": 0.010703169279488157,
      "q": 0.11700847126210188,
      "e": 0.0267594522084214,
      "g": 0.05108452203729041,
      "h": 0.054798691379025835,
      "i": 0.009510834326060312,
      "l": 0.045028092312345704,
      "k": 0.3483771182417943,
      "m": 0.01398321539127933,
      "f": 0.004142832924363317,
      "p": 0.03263521455708591,
      "s": 0.08931698979453778,
      "t": 0.03550113640910716,
      "w": 0.01757311591728718,
      "y": 0.014124656216249351,
      "v": 0.01873907368640937
    },
    "n": {
      "a": 0.04635398889252723,
      "r": 0.029320753386511092,
      "d": 0.32505764901031786,
      "c": 0.005375100807094234,
      "q": 0.0595022093819901,
      "e": 0.05771626004575205,
      "g": 0.09834468392035196,
      "h": 0.10144328414754514,
      "i": 0.028191651327359554,
      "l": 0.011900341642688054,
      "k": 0.19608166877491712,
      "m": 0.004057261583745554,
      "f": 0.0038786840158884423,
      "p": 0.00936955607965821,
      "s": 0.28996010451902554,
      "t": 0.12999232878498895,
      "w": 0.0010858138922681688,
      "y": 0.040204586892475344,
      "v": 0.014601877532422574
    },
    "d": {
      "a": 0.06718768159059141,
      "r": 0.006797971903256855,
      "n": 0.22274145308227913,
      "c": 0.000613890511207434,
      "q": 0.023774941831807932,
      "e": 0.3762142911240105,
      "g": 0.07562953986150356,
      "h": 0.023863475609042995,
      "i": 0.0020059941133327296,
      "l": 0.0076729282198898146,
      "k": 0.03123853146901499,
      "m": 0.002123675687035865,
      "f": 0.0018848637408716454,
      "p": 0.020363550857735023,
      "s": 0.0781956861126082,
      "t": 0.02400407097441143,
      "w": 0.001959250234757204,
      "y": 0.012058081216698928,
      "v": 0.011334636190809457
    },
    "c": {
      "a": 0.09337567422483009,
      "r": 0.024375628479560242,
      "n": 0.010882102854226238,
      "d": 0.0018137460301473598,
      "q": 0.003809102754844756,
      "e": 0.0013010559402542,
      "g": 0.026795335296732312,
      "h": 0.006383894340602587,
      "i": 0.008654050979330679,
      "l": 0.03476937677790025,
      "k": 0.004819602410986463,
      "m": 0.007992531657816939,
      "f": 0.01605407756282275,
      "p": 0.005254570733894776,
      "s": 0.10270297409240318,
      "t": 0.03284828270565342,
      "w": 0.01082647796309808,
      "y": 0.020133131771174533,
      "v": 0.07456521687240483
    },
    "q": {
      "a": 0.08260725078802401,
      "r": 0.1400861056884822,
      "n": 0.06332768815746974,
      "d": 0.03692660209184975,
      "c": 0.0020024284994320856,
      "e": 0.33327493600328495,
      "g": 0.028837964761789698,
      "h": 0.11010533122971648,
      "i": 0.005794478063963399,
      "l": 0.07866930352897629,
      "k": 0.25355775436051825,
      "m": 0.03162895977166221,
      "f": 0.004030290621926787,
      "p": 0.0448289751292168,
      "s": 0.07506642865070463,
      "t": 0.054936336191958854,
      "w": 0.0032572438901709603,
      "y": 0.008430005968034586,
      "v": 0.022417110488090485
    },
    "e": {
      "a": 0.14390840273677005,
      "r": 0.020266774474003227,
      "n": 0.03885871029992681,
      "d": 0.3696449960057509,
      "c": 0.0004326731626544775,
      "q": 0.21082995332364635,
      "g": 0.049603707417827984,
      "h": 0.014616018554303254,
      "i": 0.006480047165555776,
      "l": 0.013957350547609538,
      "k": 0.16824623664329103,
      "m": 0.006450075921906529,
      "f": 0.0032725238017544465,
      "p": 0.032772865828733594,
      "s": 0.051432399765372755,
      "t": 0.05268471788655578,
      "w": 0.002363731449466225,
      "y": 0.007267293757599988,
      "v": 0.04380511175535132
    },
    "g": {
      "a": 0.12880431647044058,
      "r": 0.026981862290349684,
      "n": 0.04617599484499082,
      "d": 0.05182223885073304,
      "c": 0.00621438785518449,
      "q": 0.012722411450172708,
      "e": 0.03459308613868929,
      "h": 0.006395125104388008,
      "i": 0.0015488683558686756,
      "l": 0.005546613450830665,
      "k": 0.02431860319992978,
      "m": 0.003563543931924977,
      "f": 0.0020139594663315984,
      "p": 0.011698436927852277,
      "s": 0.09789928299210637,
      "t": 0.014460931000315464,
      "w": 0.00508784222382568,
      "y": 0.00383550278122285,
      "v": 0.013932298045888985
    },
    "h": {
      "a": 0.028816592779499144,
      "r": 0.0986279099891747,
      "n": 0.16230643115008417,
      "d": 0.05571927619346571,
      "c": 0.005045124702716869,
      "q": 0.16552371817865405,
      "e": 0.03473372107265832,
      "g": 0.02179195033278989,
      "i": 0.007029143355768693,
      "l": 0.04519013774664148,
      "k": 0.05796706932931398,
      "m": 0.008272109179736312,
      "f": 0.02740232834513958,
      "p": 0.03343773203718397,
      "s": 0.05400278308043134,
      "t": 0.030307616109985305,
      "w": 0.003964323555988536,
      "y": 0.14339784074842513,
      "v": 0.008806543934564124
    },
    "i": {
      "a": 0.01757749062963227,
      "r": 0.008628944146113234,
      "n": 0.022737480613124427,
      "d": 0.0023610806502388664,
      "c": 0.0034475856373276294,
      "q": 0.0043911230508202476,
      "e": 0.007762646192800854,
      "g": 0.0026605471586082573,
      "h": 0.003543331615313656,
      "l": 0.2869018485699968,
      "k": 0.02108144360832765,
      "m": 0.08714328402305177,
      "f": 0.04273356503563595,
      "p": 0.004799485831900335,
      "s": 0.023306365204720795,
      "t": 0.09337143441135705,
      "w": 0.003208114294326871,
      "y": 0.01555502879798468,
      "v": 0.5819515543977287
    },
    "l": {
      "a": 0.03617734597403535,
      "r": 0.02296715279331004,
      "n": 0.005395924028902904,
      "d": 0.005077230423696326,
      "c": 0.007787124000421562,
      "q": 0.033515921156057886,
      "e": 0.009399812313199404,
      "g": 0.005356349727822667,
      "h": 0.012806711739256018,
      "i": 0.16129389034547978,
      "k": 0.016766814918052653,
      "m": 0.0993538972799683,
      "f": 0.08531506768141249,
      "p": 0.01997259434998482,
      "s": 0.025152182050808426,
      "t": 0.020914827351118027,
      "w": 0.010044979189131912,
      "y": 0.014757156554240088,
      "v": 0.13395607654026914
    },
    "k": {
      "a": 0.08239514079428809,
      "r": 0.24696412047552546,
      "n": 0.12356743153013684,
      "d": 0.028728766270770374,
      "c": 0.0015002098939980012,
      "q": 0.15013549488346584,
      "e": 0.15747883119479028,
      "g": 0.032639258178967664,
      "h": 0.022831578673471083,
      "i": 0.016471970122188925,
      "l": 0.023302965845922705,
      "m": 0.019123110686634925,
      "f": 0.003583186860888704,