{
 "alphabet": "arndcqeghilkmfpstwyv",
 "insrate": 0.0355473,
 "insextprob": 0.715138,
 "delrate": 0.0205974,
 "delextprob": 0.650823,
 "rootprob":
 {
  "a": 0.0408388,
  "r": 0.0560501,
  "n": 0.103663,
  "d": 0.0480267,
  "c": 0.0402572,
  "q": 0.0362179,
  "e": 0.0573553,
  "g": 0.0511059,
  "h": 0.0226275,
  "i": 0.047638,
  "l": 0.0427324,
  "k": 0.0640941,
  "m": 0.0227612,
  "f": 0.0325709,
  "p": 0.0485137,
  "s": 0.0525773,
  "t": 0.11706,
  "w": 0.0266955,
  "y": 0.0381315,
  "v": 0.0510826
 },
 "subrate":
 {
  "a": { "r": 0.0501907, "n": 0.044429, "d": 0.0325186, "c": 0.0381661, "q": 0.0528411, "e": 0.0843054, "g": 0.0966841, "h": 0.0325118, "i": 0.0641911, "l": 0.0426548, "k": 0.0819695, "m": 0.0776118, "f": 0.0486213, "p": 0.0994976, "s": 0.283766, "t": 0.115452, "w": 0.0259853, "y": 0.039237, "v": 0.288427 },
  "r": { "a": 0.0679363, "n": 0.0481841, "d": 0.041281, "c": 0.0357414, "q": 0.158269, "e": 0.0621682, "g": 0.116245, "h": 0.0795123, "i": 0.0621878, "l": 0.049854, "k": 0.588941, "m": 0.0318554, "f": 0.0234381, "p": 0.0316307, "s": 0.0463672, "t": 0.136046, "w": 0.0320303, "y": 0.0515152, "v": 0.0433774 },
  "n": { "a": 0.0387414, "r": 0.125557, "d": 0.209733, "c": 0.0121266, "q": 0.0994093, "e": 0.0792081, "g": 0.0989469, "h": 0.0604941, "i": 0.0253612, "l": 0.0369317, "k": 0.355898, "m": 0.01613, "f": 0.0139921, "p": 0.0308593, "s": 0.321589, "t": 0.113663, "w": 0.0130827, "y": 0.0346182, "v": 0.0233615 },
  "d": { "a": 0.046042, "r": 0.0836322, "n": 0.459331, "c": 0.0215809, "q": 0.0593638, "e": 0.316661, "g": 0.0584431, "h": 0.0850004, "i": 0.0306958, "l": 0.0576243, "k": 0.0605596, "m": 0.0272846, "f": 0.0250933, "p": 0.033319, "s": 0.113733, "t": 0.0375624, "w": 0.0235993, "y": 0.0249919, "v": 0.0278183 },
  "c": { "a": 0.0276663, "r": 0.0219584, "n": 0.020604, "d": 0.019745, "q": 0.0203273, "e": 0.0198367, "g": 0.0195053, "h": 0.0235117, "i": 0.0203718, "l": 0.0211656, "k": 0.0201842, "m": 0.0203471, "f": 0.0199754, "p": 0.0195131, "s": 0.0329339, "t": 0.0209958, "w": 0.0195096, "y": 0.034145, "v": 0.0223762 },
  "q": { "a": 0.0537482, "r": 0.427211, "n": 0.168344, "d": 0.0623756, "c": 0.0343424, "e": 0.362446, "g": 0.0621519, "h": 0.147885, "i": 0.0812703, "l": 0.102232, "k": 0.346178, "m": 0.0393477, "f": 0.0330757, "p": 0.0545554, "s": 0.147553, "t": 0.313058, "w": 0.0406821, "y": 0.0371833, "v": 0.0742424 },
  "e": { "a": 0.0823491, "r": 0.0416914, "n": 0.0879802, "d": 0.235329, "c": 0.017327, "q": 0.201018, "g": 0.0384792, "h": 0.0584936, "i": 0.0211738, "l": 0.0271893, "k": 0.14569, "m": 0.0340835, "f": 0.0182085, "p": 0.0511427, "s": 0.0754062, "t": 0.0616697, "w": 0.0200155, "y": 0.0339441, "v": 0.0523188 },
  "g": { "a": 0.0939384, "r": 0.0468454, "n": 0.0459563, "d": 0.0260087, "c": 0.0186874, "q": 0.0288605, "e": 0.145216, "h": 0.0252664, "i": 0.0227803, "l": 0.0521445, "k": 0.0620082, "m": 0.0227224, "f": 0.0240144, "p": 0.0608943, "s": 0.0629993, "t": 0.0258942, "w": 0.0482385, "y": 0.0214924, "v": 0.033665 },
  "h": { "a": 0.0580204, "r": 0.226569, "n": 0.0769374, "d": 0.112159, "c": 0.0448677, "q": 0.152803, "e": 0.0768181, "g": 0.123205, "i": 0.0579913, "l": 0.089408, "k": 0.163038, "m": 0.070032, "f": 0.13981, "p": 0.0901711, "s": 0.0695361, "t": 0.177473, "w": 0.0518691, "y": 0.17571, "v": 0.0890357 },
  "i": { "a": 0.0494068, "r": 0.0216507, "n": 0.0325545, "d": 0.0237616, "c": 0.019739, "q": 0.0319743, "e": 0.0559689, "g": 0.0229635, "h": 0.0244587, "l": 0.202634, "k": 0.0244399, "m": 0.0953396, "f": 0.0284944, "p": 0.0432372, "s": 0.0420007, "t": 0.0722911, "w": 0.0341773, "y": 0.0839003, "v": 0.731923 },
  "l": { "a": 0.076827, "r": 0.0406196, "n": 0.0277429, "d": 0.0204354, "c": 0.0186187, "q": 0.0468657, "e": 0.0212538, "g": 0.0265488, "h": 0.0239166, "i": 0.290899, "k": 0.0411985, "m": 0.160833, "f": 0.119049, "p": 0.0201512, "s": 0.0242553, "t": 0.0312085, "w": 0.0250107, "y": 0.0499263, "v": 0.0732829 },
  "k": { "a": 0.0803463, "r": 0.420708, "n": 0.143978, "d": 0.029441, "c": 0.0172735, "q": 0.191928, "e": 0.195769, "g": 0.13381, "h": 0.0252601, "i": 0.0215549, "l": 0.0609485, "m": 0.0193661, "f": 0.0166819, "p": 0.0395908, "s": 0.0646122, "t": 0.261989, "w": 0.0354175, "y": 0.0347783, "v": 0.0262076 },
  "m": { "a": 0.162633, "r": 0.0438121, "n": 0.0556015, "d": 0.0417924, "c": 0.0389312, "q": 0.0498655, "e": 0.0641899, "g": 0.0420603, "h": 0.0560754, "i": 0.684693, "l": 0.333581, "k": 0.057737, "f": 0.0632469, "p": 0.0411343, "s": 0.0739383, "t": 0.049706, "w": 0.0522237, "y": 0.044911, "v": 0.217522 },
  "f": { "a": 0.0330308, "r": 0.0314941, "n": 0.0400696, "d": 0.0301628, "c": 0.0542696, "q": 0.0349535, "e": 0.0307732, "g": 0.0319995, "h": 0.0384719, "i": 0.138201, "l": 0.244856, "k": 0.033996, "m": 0.110753, "p": 0.0300467, "s": 0.0604557, "t": 0.0312863, "w": 0.0385464, "y": 0.132354, "v": 0.0668001 },
  "p": { "a": 0.0937396, "r": 0.0439404, "n": 0.0458265, "d": 0.0270731, "c": 0.0201013, "q": 0.0734658, "e": 0.0600076, "g": 0.0469892, "h": 0.0877319, "i": 0.0239558, "l": 0.0434072, "k": 0.112808, "m": 0.0236254, "f": 0.0216041, "s": 0.0505161, "t": 0.0857125, "w": 0.0218041, "y": 0.0221737, "v": 0.0253969 },
  "s": { "a": 0.249594, "r": 0.0569069, "n": 0.272077, "d": 0.129599, "c": 0.0393754, "q": 0.0576793, "e": 0.0569687, "g": 0.165514, "h": 0.0757931, "i": 0.0470177, "l": 0.058085, "k": 0.156076, "m": 0.0316687, "f": 0.0222905, "p": 0.11389, "t": 0.565614, "w": 0.0282817, "y": 0.02659, "v": 0.0702568 },
  "t": { "a": 0.18006, "r": 0.0871965, "n": 0.103418, "d": 0.0533388, "c": 0.015244, "q": 0.0707207, "e": 0.0494182, "g": 0.0319671, "h": 0.0136399, "i": 0.0823057, "l": 0.0278234, "k": 0.187783, "m": 0.0447633, "f": 0.0150219, "p": 0.0975599, "s": 0.357819, "w": 0.0111206, "y": 0.0116255, "v": 0.0589014 },
  "w": { "a": 0.0492382, "r": 0.164561, "n": 0.0396949, "d": 0.0385632, "c": 0.032667, "q": 0.053702, "e": 0.0397144, "g": 0.0906285, "h": 0.0973928, "i": 0.0389275, "l": 0.0588625, "k": 0.0560573, "m": 0.0918811, "f": 0.120832, "p": 0.0396892, "s": 0.0418654, "t": 0.0406019, "y": 0.0802604, "v": 0.0384915 },
  "y": { "a": 0.0305731, "r": 0.0348227, "n": 0.0975576, "d": 0.025696, "c": 0.0215374, "q": 0.0382387, "e": 0.0295766, "g": 0.0308708, "h": 0.0962358, "i": 0.0336827, "l": 0.0403407, "k": 0.0299929, "m": 0.0391969, "f": 0.175471, "p": 0.0296887, "s": 0.0264198, "t": 0.0405733, "w": 0.0888713, "v": 0.026047 },
  "v": { "a": 0.0906797, "r": 0.0460636, "n": 0.0276008, "d": 0.0189883, "c": 0.0189885, "q": 0.0475232, "e": 0.0557772, "g": 0.0244462, "h": 0.0212896, "i": 0.51089, "l": 0.213504, "k": 0.0494317, "m": 0.0732586, "f": 0.0403046, "p": 0.0215826, "s": 0.0489233, "t": 0.0857505, "w": 0.0255873, "y": 0.0216467 }
 }
}
