{
  "insrate": 0.01,
  "delrate": 0.01,
  "insextprob": 0.66,
  "delextprob": 0.66,
  "alphabet": "arndcqeghilkmfpstwyv",
  "rootprob": {
    "a": 0.087127,
    "r": 0.040904,
    "n": 0.040432,
    "d": 0.046872,
    "c": 0.033474,
    "q": 0.038255,
    "e": 0.04953,
    "g": 0.088612,
    "h": 0.033618,
    "i": 0.036886,
    "l": 0.085357,
    "k": 0.080482,
    "m": 0.014753,
    "f": 0.039772,
    "p": 0.05068,
    "s": 0.069577,
    "t": 0.058542,
    "w": 0.010494,
    "y": 0.029916,
    "v": 0.064718
  },
  "subrate": {
    "a": {
      "r": 1.104408,
      "n": 3.962336,
      "d": 5.624639999999999,
      "c": 1.205064,
      "q": 3.404695,
      "e": 9.806939999999999,
      "g": 21.26688,
      "h": 0.7732140000000001,
      "i": 2.39759,
      "l": 3.499637,
      "k": 2.092532,
      "m": 1.062216,
      "f": 0.7158960000000001,
      "p": 12.67,
      "s": 28.456993,
      "t": 21.719082,
      "y": 0.7179840000000001,
      "v": 13.461344
    },
    "r": {
      "a": 2.352429,
      "n": 1.293824,
      "c": 0.769902,
      "q": 9.41073,
      "e": 0.04953,
      "g": 0.797508,
      "h": 8.06832,
      "i": 2.360704,
      "l": 1.2803550000000001,
      "k": 37.343648,
      "m": 1.3277700000000001,
      "f": 0.556808,
      "p": 5.22004,
      "s": 10.714858,
      "t": 1.522092,
      "w": 2.109294,
      "y": 0.239328,
      "v": 1.553232
    },
    "n": {
      "a": 8.538446,
      "r": 1.308928,
      "d": 42.41916,
      "q": 3.9402649999999997,
      "e": 7.330439999999999,
      "g": 12.317067999999999,
      "h": 17.98563,
      "i": 2.8402220000000002,
      "l": 2.902138,
      "k": 25.593276,
      "m": 0.014753,
      "f": 0.556808,
      "p": 2.1285600000000002,
      "s": 34.440615,
      "t": 13.406118,
      "w": 0.241362,
      "y": 2.84202,
      "v": 0.9707699999999999
    },
    "d": {
      "a": 10.45524,
      "n": 36.59096,
      "q": 5.126169999999999,
      "e": 57.10809,
      "g": 11.0765,
      "h": 2.8911480000000003,
      "i": 0.885264,
      "k": 5.7142219999999995,
      "p": 0.6588400000000001,
      "s": 6.609815,
      "t": 3.863772,
      "v": 1.164924
    },
    "c": {
      "a": 3.1365719999999997,
      "r": 0.9407920000000001,
      "g": 0.9747319999999999,
      "h": 0.941304,
      "i": 1.6229840000000002,
      "p": 0.96292,
      "s": 11.201897,
      "t": 0.936672,
      "y": 2.8719360000000003,
      "v": 3.171182
    },
    "q": {
      "a": 7.754302999999999,
      "r": 10.062384000000002,
      "n": 4.164496000000001,
      "d": 6.280848,
      "e": 35.46348,
      "g": 2.481136,
      "h": 20.372508,
      "i": 0.663948,
      "l": 6.231061,
      "k": 12.313746,
      "m": 1.681842,
      "p": 7.754040000000001,
      "s": 3.896312,
      "t": 3.1027259999999997,
      "v": 2.26513
    },
    "e": {
      "a": 17.251146,
      "r": 0.040904,
      "n": 5.983936000000001,
      "d": 54.04341599999999,
      "q": 27.390579999999996,
      "g": 7.177572,
      "h": 1.4455740000000001,
      "i": 2.250046,
      "l": 0.9389270000000001,
      "k": 6.680006,
      "m": 0.44259000000000004,
      "p": 2.58468,
      "s": 5.496583,
      "t": 1.9904279999999999,
      "y": 0.6581520000000001,
      "v": 2.3945659999999998
    },
    "g": {
      "a": 20.91048,
      "r": 0.368136,
      "n": 5.620048000000001,
      "d": 5.859,
      "c": 0.368214,
      "q": 1.07114,
      "e": 4.0119299999999996,
      "h": 0.33618000000000003,
      "l": 0.597499,
      "k": 2.173014,
      "m": 0.250801,
      "f": 0.59658,
      "p": 1.7231200000000002,
      "s": 16.281018,
      "t": 1.75626,
      "v": 3.4947719999999998
    },
    "h": {
      "a": 2.003921,
      "r": 9.81696,
      "n": 21.631120000000003,
      "d": 4.0309919999999995,
      "c": 0.9372719999999999,
      "q": 23.18253,
      "e": 2.12979,
      "g": 0.88612,
      "i": 0.25820200000000004,
      "l": 3.7557080000000003,
      "k": 2.092532,
      "f": 1.909056,
      "p": 4.763920000000001,
      "s": 2.435195,
      "t": 1.2879239999999998,
      "w": 0.283338,
      "y": 3.799332,
      "v": 2.8475919999999997
    },
    "i": {
      "a": 5.6632549999999995,
      "r": 2.617856,
      "n": 3.113264,
      "d": 1.124928,
      "c": 1.472856,
      "q": 0.6885899999999999,
      "e": 3.02133,
      "h": 0.235326,
      "l": 21.936749,
      "k": 3.702172,
      "m": 4.957008,
      "f": 7.795312,
      "p": 0.60816,
      "s": 1.669848,
      "t": 11.240064,
      "y": 1.106892,
      "v": 57.534302
    },
    "l": {
      "a": 3.5722069999999997,
      "r": 0.61356,
      "n": 1.3746880000000001,
      "q": 2.7926149999999996,
      "e": 0.5448299999999999,
      "g": 0.620284,
      "h": 1.479192,
      "i": 9.479702000000001,
      "k": 1.4486759999999999,
      "m": 7.774831,
      "f": 6.244204,
      "p": 1.62176,
      "s": 1.182809,
      "t": 1.931886,
      "w": 0.482724,
      "y": 0.8376480000000001,
      "v": 11.32565
    },
    "k": {
      "a": 2.2653019999999997,
      "r": 18.979456000000003,
      "n": 12.857376,
      "d": 3.327912,
      "q": 5.853014999999999,
      "e": 4.11099,
      "g": 2.392524,
      "h": 0.8740680000000001,
      "i": 1.6967560000000002,
      "l": 1.536426,
      "m": 3.584979,
      "p": 1.6724400000000001,
      "s": 6.679392,
      "t": 7.9617119999999995,
      "y": 0.38890800000000003,
      "v": 0.64718
    },
    "m": {
      "a": 6.273143999999999,
      "r": 3.68136,
      "n": 0.040432,
      "q": 4.36107,
      "e": 1.4859,
      "g": 1.5064039999999999,
      "i": 12.393696,
      "l": 44.983139,
      "k": 19.557126,
      "f": 3.659024,
      "p": 0.8615600000000001,
      "s": 4.313774,
      "t": 6.088368,
      "v": 16.697243999999998
    },
    "f": {
      "a": 1.5682859999999998,
      "r": 0.572656,
      "n": 0.566048,
      "g": 1.32918,
      "h": 1.613664,
      "i": 7.229656,
      "l": 13.401049,
      "m": 1.3572760000000001,
      "p": 0.55748,
      "s": 3.200542,
      "t": 0.761046,
      "w": 0.797544,
      "y": 20.881368000000002,
      "v": 0.776616
    },
    "p": {
      "a": 21.78175,
      "r": 4.213112000000001,
      "n": 1.698144,
      "d": 0.609336,
      "c": 0.636006,
      "q": 5.853014999999999,
      "e": 2.52603,
      "g": 3.0128079999999997,
      "h": 3.160092,
      "i": 0.442632,
      "l": 2.731424,
      "k": 2.655906,
      "m": 0.250801,
      "f": 0.437492,
      "s": 17.046365,
      "t": 4.566275999999999,
      "v": 3.106464
    },
    "s": {
      "a": 35.634943,
      "r": 6.299216,
      "n": 20.013840000000002,
      "d": 4.45284,
      "c": 5.389314,
      "q": 2.14228,
      "e": 3.91287,
      "g": 20.735208,
      "h": 1.17663,
      "i": 0.885264,
      "l": 1.451069,
      "k": 7.726272,
      "m": 0.914686,
      "f": 1.829512,
      "p": 12.4166,
      "t": 32.1981,
      "w": 0.78705,
      "y": 1.017144,
      "v": 1.9415399999999998
    },
    "t": {
      "a": 32.324117,
      "r": 1.063504,
      "n": 9.258928000000001,
      "d": 3.093552,
      "c": 0.535584,
      "q": 2.0275149999999997,
      "e": 1.6840199999999999,
      "g": 2.65836,
      "h": 0.739596,
      "i": 7.082112,
      "l": 2.816781,
      "k": 10.945552,
      "m": 1.5343120000000001,
      "f": 0.517036,
      "p": 3.95304,
      "s": 38.26735,
      "y": 1.256472,
      "v": 10.160726
    },
    "w": {
      "r": 8.221704,
      "n": 0.9299360000000001,
      "h": 0.9076860000000001,
      "l": 3.926422,
      "f": 3.022672,
      "s": 5.218275,
      "y": 1.8248760000000002
    },
    "y": {
      "a": 2.091048,
      "r": 0.327232,
      "n": 3.8410400000000005,
      "c": 3.2135039999999995,
      "e": 1.0896599999999999,
      "h": 4.269486000000001,
      "i": 1.3647820000000002,
      "l": 2.389996,
      "k": 1.046266,
      "f": 27.760856,
      "s": 2.365618,
      "t": 2.458764,
      "w": 0.640134,
      "v": 1.812104
    },
    "v": {
      "a": 18.122415999999998,
      "r": 0.9816960000000001,