{
  "insrate": 0.01,
  "delrate": 0.01,
  "insextprob": 0.66,
  "delextprob": 0.66,
  "alphabet": "FfLlSs5$YyCcW<[{/Pp,8HhQqRr=}Ii|MTt~`NnKk%#3]Vv^7Aa4&DdEeGg96",
  "rootprob": {
    "3": 0.010372,
    "4": 0.015908,
    "5": 0.00975,
    "6": 0.010191,
    "7": 0.022747,
    "8": 0.011843,
    "9": 0.015796,
    "F": 0.022103,
    "f": 0.021383,
    "L": 0.016387,
    "l": 0.015425,
    "S": 0.01188,
    "s": 0.011131,
    "$": 0.008956,
    "Y": 0.015965,
    "y": 0.015782,
    "C": 0.006025,
    "c": 0.007029,
    "W": 0.01188,
    "<": 0.014467,
    "[": 0.017386,
    "{": 0.0076,
    "/": 0.028839,
    "P": 0.010007,
    "p": 0.0101,
    ",": 0.010642,
    "H": 0.011097,
    "h": 0.011703,
    "Q": 0.016076,
    "q": 0.020211,
    "R": 0.008311,
    "r": 0.014148,
    "=": 0.0048,
    "}": 0.007837,
    "I": 0.025576,
    "i": 0.023441,
    "|": 0.013551,
    "M": 0.020102,
    "T": 0.013424,
    "t": 0.020201,
    "~": 0.015528,
    "`": 0.012142,
    "N": 0.023006,
    "n": 0.020171,
    "K": 0.030001,
    "k": 0.026344,
    "%": 0.010142,
    "#": 0.011679,
    "]": 0.008195,
    "V": 0.019047,
    "v": 0.018938,
    "^": 0.010901,
    "A": 0.019005,
    "a": 0.028307,
    "&": 0.018853,
    "D": 0.028198,
    "d": 0.024532,
    "E": 0.033223,
    "e": 0.031878,
    "G": 0.016852,
    "g": 0.022982
  },
  "subrate": {
    "3": {
      "9": 0.02262634836,
      "=": 0.4433867423999999,
      "|": 0.025789924425000003,
      "~": 0.011708966040000001,
      "K": 0.252721283762,
      "%": 0.01817694879,
      "#": 0.0014119910999999998,
      "]": 0.2974187174749999
    },
    "4": {
      "5": 0.09633372450000001,
      "9": 0.047152529028000004,
      ",": 0.031116910024,
      "~": 0.047578863432,
      "^": 0.068579804348,
      "A": 0.41640382612500004,
      "a": 0.144094603861,
      "&": 0.179652895273,
      "E": 0.092175386235
    },
    "5": {
      "4": 0.157177116856,
      "L": 0.048379864484,
      "S": 0.5275665054,
      "s": 0.152291570381,
      "$": 0.116355107116,
      ",": 0.035254934662,
      "~": 0.093694896096
    },
    "6": {
      "7": 0.006880990247,
      "9": 0.30145514471600005,
      "W": 0.00963296928,
      "}": 0.037646894706,
      "]": 0.04415887222999999,
      "&": 0.125277638263,
      "e": 0.04443187518,
      "G": 0.223237365472,
      "g": 0.415165831132
    },
    "7": {
      "6": 0.0030827876910000003,
      "l": 0.031190907925,
      "/": 0.062430811394999994,
      "M": 0.041780881288,
      "V": 0.169540527849,
      "v": 0.410152840832,
      "^": 0.129701635041,
      "&": 0.11625804256200001,
      "e": 0.015177275189999999
    },
    "8": {
      "$": 0.01167396688,
      "/": 0.013773967824,
      "P": 0.08412975963699999,
      "p": 0.2884351839,
      ",": 0.120203656746,
      "q": 0.036266375868,
      "}": 0.024641847752000002,
      "`": 0.0150372599,
      "&": 0.11377514016800001
    },
    "9": {
      "3": 0.014856956519999999,
      "4": 0.047486859443999996,
      "6": 0.19448780576100003,
      "=": 0.00043699679999999994,
      "^": 0.007656982311,
      "E": 0.029036902000000003,
      "G": 0.3457710212,
      "g": 0.094707741846
    },
    "F": {
      "f": 0.23931904919199998,
      "L": 0.021558901069999997,
      "l": 0.08371264729999998,
      "S": 0.01969764588,
      "Y": 0.10554292271,
      "C": 0.0201678681,
      "<": 0.030246894717,
      "I": 0.043019573704,
      "V": 0.043080752211
    },
    "f": {
      "F": 0.247377306472,
      "L": 0.00017855275199999998,
      "l": 0.07336574239999999,
      "s": 0.021299958801,
      "y": 0.08171809126,
      "c": 0.010954858167,
      "[": 0.039403160978,
      "i": 0.018425633963,
      "v": 0.036425197696
    },
    "L": {
      "5": 0.028785237,
      "F": 0.02907892783,
      "f": 0.00023298916799999997,
      "l": 0.381749545875,
      "{": 0.5757200488,
      "|": 0.137089883988,
      "^": 0.025756010719999996
    },
    "l": {
      "7": 0.045996731447000005,
      "F": 0.11995466082799999,
      "f": 0.10170370630399998,
      "L": 0.40555784818499996,
      "$": 0.072784641784,
      "W": 0.06379137072,
      "/": 0.602078089902,
      "M": 0.159028851792
    },
    "S": {
      "5": 0.43297756125000003,
      "F": 0.036647901253,
      "s": 0.154599594362,
      "$": 0.152766459508,
      "Y": 0.03521965211,
      "C": 0.037303673025,
      "P": 0.017705935485,
      "T": 0.5131874384,
      "A": 0.10528868826000001
    },
    "s": {
      "5": 0.13339707225,
      "f": 0.040917888693,
      "S": 0.16500253176,
      "$": 0.583008920076,
      "y": 0.088623379104,
      "c": 0.06564527897400001,
      "p": 0.027316470099999997,
      "t": 0.319046412595,
      "a": 0.21727994626599997
    },
    "$": {
      "5": 0.12667064475,
      "8": 0.015437113639999998,
      "l": 0.12535764845,
      "S": 0.20264242284,
      "s": 0.724594940751,
      "W": 0.05538457188,
      "`": 0.207675602368,
      "&": 0.412186117774
    },
    "Y": {
      "F": 0.146120590082,
      "S": 0.02620792152,
      "y": 0.314737553676,
      "C": 0.0035070561,
      "H": 0.038228765508,
      "N": 0.05165778743,
      "D": 0.010364259494000001
    },
    "y": {
      "f": 0.11071967718999999,
      "s": 0.062505818832,
      "Y": 0.31838708937,
      "c": 0.0010141300619999998,
      "h": 0.082948535103,
      "n": 0.004606269731000001,
      "d": 0.007229629464000001
    },
    "C": {
      "F": 0.073986786492,
      "S": 0.07355479427999999,
      "Y": 0.00929297106,
      "c": 0.314744308956,
      "W": 0.00804486276,
      "R": 0.013439643301000002,
      "%": 0.047865057438,
      "G": 0.018616859404
    },
    "c": {
      "f": 0.033325897309,
      "s": 0.10395470198600001,
      "y": 0.002276995396,
      "C": 0.26978723309999997,
      "W": 0.00087042384,
      "r": 0.023102905860000002,
      "#": 0.023914551066,
      "g": 0.012705621681999998
    },
    "W": {
      "6": 0.008263433496,
      "l": 0.0828267587,
      "$": 0.041752880956,
      "C": 0.004079991425,
      "c": 0.000515000772,
      "}": 0.023715435982,
      "]": 0.006761546989999999
    },
    "<": {
      "F": 0.046211869353,
      "[": 0.15483074482399997,
      "{": 0.4317094576,
      "/": 0.243180224421,
      "P": 0.012647226866,
      "H": 0.017567838252,
      "R": 0.006478964715,
      "I": 0.1100081306,
      "V": 0.047115097281
    },
    "[": {
      "f": 0.048461853859,
      "<": 0.128835637028,
      "{": 0.059365158,
      "/": 0.636723707196,
      "p": 0.0140363235,
      "h": 0.037809478953,
      "r": 0.03184389396,
      "i": 0.149596734881,
      "v": 0.11201773973599999
    },
    "{": {
      "L": 1.241358478906,
      "<": 0.8217816740920001,
      "[": 0.13580561013,
      "/": 0.162943695324,
      ",": 0.014831542560000001,
      "Q": 0.119268776408,
      "=": 0.014514907199999998,
      "|": 0.069577053909,
      "^": 0.040742367588999996
    },
    "/": {
      "7": 0.049242819335,
      "8": 0.005656406288,
      "l": 0.32203108765,
      "<": 0.12199064831300002,
      "[": 0.38385791370399996,
      "{": 0.042940881599999994,
      "q": 0.03663324594,
      "}": 0.011465099965,
      "M": 0.051664612546
    },
    "P": {
      "8": 0.09956517871299998,
      "S": 0.0210199374,
      "<": 0.018283944346000003,
      "p": 0.1763624327,
      ",": 0.37758840824600004,
      "H": 0.011337605153999999,
      "R": 0.0027772453150000003,
      "T": 0.088316173824,
      "A": 0.022030310925
    },
    "p": {
      "8": 0.338211671577,
      "s": 0.030104913730999997,
      "[": 0.024161932709999997,
      "P": 0.17473850138900002,
      ",": 0.128276826934,
      "h": 0.044173488432,
      "r": 0.024041724696,
      "t": 0.02897934455,
      "a": 0.08832319002299999
    },
    ",": {
      "4": 0.046514546575999995,
      "5": 0.03229990725,
      "8": 0.133769207559,
      "{": 0.010591968,
      "P": 0.355057996741,
      "p": 0.1217436527,
      "Q": 0.086518909968,
      "=": 0.0081295776,