{
 "alphabet": "ACGT",
 "indel":
  {
   "ins": 0,
   "del": 0,
   "insExt": 0,
   "delExt": 0,
   "insTime": 9.60008
   "delTime": 9.60008
  },
 "sub":
  {
   "mixture": [
    {
     "root":
      {
       "A": 1.3592,
       "C": 0.640808,
       "G": 1.71839,
       "T": 0.281606
      },
     "sub":
      {
       "A": { "C": 1.43115, "G": 0, "T": 0 },
       "C": { "A": 0, "G": 0.579469, "T": 0 },
       "G": { "A": 0, "C": 0, "T": 2.28673 },
       "T": { "A": 0.577514, "C": 0, "G": 0 }
      },
     "wait":
      {
       "A": 1.69709,
       "C": 0.770552,
       "G": 2.09296,
       "T": 0.239439
      }
    },
    {
     "root":
      {
       "A": 0.640808,
       "C": 1.3592,
       "G": 0.281606,
       "T": 1.71839
      },
     "sub":
      {
       "A": { "C": 0, "G": 0, "T": 0.579469 },
       "C": { "A": 1.43115, "G": 0, "T": 0 },
       "G": { "A": 0, "C": 0.577514, "T": 0 },
       "T": { "A": 0, "C": 0, "G": 2.28673 }
      },
     "wait":
      {
       "A": 0.770552,
       "C": 1.69709,
       "G": 0.239439,
       "T": 2.09296
      }
    }
   ]
  },
 "logLikelihood": -40.4097
}
