{
 "alphabet": "ACGT",
 "insBegin": 0.0951626,
 "insExtend": 0.3,
 "delBegin": 0.181269,
 "delExtend": 0.4,
 "insVec": {
  "A": 6.40988e-17,
  "C": 1.98932e-18,
  "G": 0,
  "T": 1
 },
 "subMat": {
  "A": {
   "A": 0.367879,
   "C": 0,
   "G": 0,
   "T": 0.632121
  },
  "C": {
   "A": 0,
   "C": 0.135335,
   "G": 0,
   "T": 0.864665
  },
  "G": {
   "A": 0,
   "C": 0,
   "G": 0.0497871,
   "T": 0.950213
  },
  "T": {
   "A": 0,
   "C": 0,
   "G": 0,
   "T": 1
  }
 }
}
