{
    "alphabet": "ACGT",
    "subrate" : {
	"A" : { "C": 0.000000001, "G": 0.000000001, "T": 0.000000001 },
	"C" : { "A": 0.000000001, "G": 0.000000001, "T": 0.000000001 },
	"G" : { "A": 0.000000001, "C": 0.000000001, "T": 0.000000001 },
	"T" : { "A": 0.000000001, "C": 0.000000001, "G": 0.000000001 }
    },
    "insrate" : 0,
    "delrate" : 0,
    "insextprob" : 0.9,
    "delextprob" : 0.9
}
