{
 "alphabet": "ACGT",
 "indel":
  {
   "ins": 1,
   "del": 2,
   "insExt": 0,
   "delExt": 3,
   "insTime": 9.50617
   "delTime": 10.0053
  },
 "sub":
  {
   "root":
    {
     "A": 2.00033,
     "C": 2,
     "G": 2.00033,
     "T": 1.99933
    },
   "sub":
    {
     "A": { "C": 5.6347e-05, "G": 0.333408, "T": 0.000389088 },
     "C": { "A": 0.000278238, "G": 0.000278627, "T": 8.70899e-07 },
     "G": { "A": 0.333408, "C": 5.64025e-05, "T": 0.000389144 },
     "T": { "A": 0.666093, "C": 0.000333825, "G": 0.666094 }
    },
   "wait":
    {
     "A": 4.00124,
     "C": 2.00228,
     "G": 3.00224,
     "T": 3.00124
    }
  },
 "logLikelihood": -47.5927
}
