{
 "ins": 0,
 "del": 2,
 "insExt": 0,
 "delExt": 2,
 "matchTime": 13.007,
 "delTime": 2,
 "sub":
  {
   "root":
   {
     "A": 1.0005,
     "C": 2,
     "G": 2,
     "T": 1.9995
   },
   "sub":
   {
    "A": { "C": 0.000334559, "G": 8.15399e-07, "T": 0.000499955 },
    "C": { "A": 1, "G": 0.000167428, "T": 0.000167484 },
    "G": { "A": 0.000500469, "C": 8.71076e-07, "T": 8.15386e-07 },
    "T": { "A": 0.999001, "C": 0.000333912, "G": 0.0003338 }
   },
   "wait":
   {
     "A": 4.50172,
     "C": 2.50167,
     "G": 3.00228,
     "T": 3.00133
   }
  }
}
