{
    "alphabet": "ACGT",
    "subrate" : {
	"A" : { "C": 0.0003333, "G": 0.0003333, "T": 0.0003333 },
	"C" : { "A": 0.0003333, "G": 0.0003333, "T": 0.0003333 },
	"G" : { "A": 0.0003333, "C": 0.0003333, "T": 0.0003333 },
	"T" : { "A": 0.0003333, "C": 0.0003333, "G": 0.0003333 }
    },
    "insrate" : 0.01,
    "delrate" : 0.01,
    "insextprob" : 0.09,
    "delextprob" : 0.09
}
