{
 "alphabet": "ACGT",
 "indel":
  {
   "ins": 1,
   "del": 2,
   "insExt": 0,
   "delExt": 3,
   "insTime": 10.5062
   "delTime": 11.0053
  },
 "sub":
  {
   "root":
    {
     "A": 2.0005,
     "C": 2,
     "G": 2,
     "T": 1.9995
    },
   "sub":
    {
     "A": { "C": 0.999668, "G": 0.000167539, "T": 0.000666679 },
     "C": { "A": 0.000667711, "G": 6.48658e-07, "T": 7.04297e-07 },
     "G": { "A": 0.000334189, "C": 0.00016765, "T": 8.15417e-07 },
     "T": { "A": 0.998835, "C": 0.000500691, "G": 0.0003338 }
    },
   "wait":
    {
     "A": 5.50072,
     "C": 0.502668,
     "G": 3.00228,
     "T": 3.00133
    }
  },
 "logLikelihood": -48.0077
}
