{
 "root":
  {
   "A": 1,
   "C": 0,
   "G": 0,
   "T": 0
  },
 "sub":
  {
   "A": { "C": 0.365671, "G": 0.365671, "T": 0.671643 },
   "C": { "A": 0.134329, "G": 0.134329, "T": 0.365671 },
   "G": { "A": 0.134329, "C": 0.134329, "T": 0.365671 },
   "T": { "A": 0.134329, "C": 0.134329, "G": 0.134329 }
  },
 "wait":
  {
   "A": 0.365671,
   "C": 0.134329,
   "G": 0.134329,
   "T": 0.365671
  }
}
