{
 "root":
  {
   "A": 0.000499417,
   "C": 3.33245e-07,
   "G": 1,
   "T": 0.9995
  },
 "sub":
  {
   "A": { "C": 7.42351e-08, "G": 2.41183e-07, "T": 0.000499491 },
   "C": { "A": 0.000333392, "G": 2.411e-07, "T": 4.07368e-07 },
   "G": { "A": 0.000333559, "C": 2.40841e-07, "T": 5.74057e-07 },
   "T": { "A": 0.998834, "C": 0.000333059, "G": 0.000333226 }
  },
 "wait":
  {
   "A": 1.00028,
   "C": 0.000222478,
   "G": 3.00122,
   "T": 1.00028
  }
}
