{
 "mixture": [
  {
   "root":
    {
     "A": 0.141989,
     "C": 0,
     "G": 0,
     "T": 0
    },
   "sub":
    {
     "A": { "C": 0.142157, "G": 0, "T": 0 },
     "C": { "A": 0, "G": 0.142157, "T": 0 },
     "G": { "A": 0, "C": 0, "T": 0.142157 },
     "T": { "A": 0.000168876, "C": 0, "G": 0 }
    },
   "wait":
    {
     "A": 0.0354971,
     "C": 0.0354971,
     "G": 0.0354971,
     "T": 0.0354971
    }
  },
  {
   "root":
    {
     "A": 0.858011,
     "C": 0,
     "G": 0,
     "T": 0
    },
   "sub":
    {
     "A": { "C": 0, "G": 0, "T": 0.865107 },
     "C": { "A": 0.00709567, "G": 0, "T": 0 },
     "G": { "A": 0, "C": 0.00709567, "T": 0 },
     "T": { "A": 0, "C": 0, "G": 0.00709567 }
    },
   "wait":
    {
     "A": 0.427823,
     "C": 0.0011823,
     "G": 0.0011823,
     "T": 0.427823
    }
  }
 ]
}
