{
 "indel":
  {
   "ins": 1,
   "del": 2,
   "insExt": 0,
   "delExt": 3,
   "matchTime": 12.007,
   "delTime": 2
  },
 "sub":
  {
   "root":
    {
     "A": 1.001,
     "C": 2,
     "G": 3,
     "T": 1.999
    },
   "sub":
    {
     "A": { "C": 8.52647e-07, "G": 8.52647e-07, "T": 0.000998855 },
     "C": { "A": 0.000167576, "G": 7.96992e-07, "T": 7.96825e-07 },
     "G": { "A": 0.000167576, "C": 7.96992e-07, "T": 7.96825e-07 },
     "T": { "A": 0.999001, "C": 0.00016741, "G": 0.00016741 }
    },
   "wait":
    {
     "A": 5.50095,
     "C": 2.00206,
     "G": 2.00206,
     "T": 2.50194
    }
  }
}
