{
 "alphabet": "ACGT",
 "indel":
  {
   "ins": 2,
   "del": 4,
   "insExt": 0,
   "delExt": 6,
   "matchTime": 24.014,
   "insTime": 0.998334
   "delTime": 1.99667
  },
 "sub":
  {
   "root":
    {
     "A": 4.001,
     "C": 4,
     "G": 4,
     "T": 3.999
    },
   "sub":
    {
     "A": { "C": 1.99934, "G": 0.000335078, "T": 0.00133336 },
     "C": { "A": 0.00133542, "G": 1.29732e-06, "T": 1.40859e-06 },
     "G": { "A": 0.000668378, "C": 0.0003353, "T": 1.63083e-06 },
     "T": { "A": 1.99767, "C": 0.00100138, "G": 0.0006676 }
    },
   "wait":
    {
     "A": 11.0014,
     "C": 1.00534,
     "G": 6.00456,
     "T": 6.00266
    }
  },
 "logLikelihood": -96.0154
}
